lat,lon,population,reachable_pois
45.072577,7.391883,166.0,19
45.035629,7.397679,113.0,76
45.074592,7.39659,216.0,27
45.078489,7.396481,413.0,75
45.072711,7.401407,139.0,36
45.076607,7.401298,324.0,77
45.080504,7.401189,379.0,97
45.0844,7.401081,283.0,113
45.088296,7.400972,138.0,116
45.070829,7.406223,120.0,21
45.074726,7.406115,162.0,47
45.078622,7.406006,357.0,91
45.082518,7.405898,357.0,117
45.086415,7.40579,224.0,117
45.090311,7.405681,214.0,89
45.072844,7.410931,120.0,31
45.07674,7.410823,291.0,80
45.080637,7.410715,350.0,100
45.084533,7.410607,297.0,117
45.088429,7.410499,207.0,101
45.031998,7.416823,142.0,80
45.035894,7.416715,183.0,100
45.03979,7.416608,115.0,94
45.034012,7.421528,227.0,114
45.037908,7.421421,227.0,104
45.100251,7.419703,105.0,54
45.032129,7.42634,159.0,104
45.036026,7.426233,208.0,106
45.039922,7.426127,137.0,78
45.071094,7.425271,122.0,51
45.078886,7.425057,148.0,109
45.082783,7.42495,154.0,137
45.049729,7.43062,116.0,21
45.053625,7.430513,147.0,11
45.057522,7.430407,142.0,10
45.061418,7.4303,125.0,37
45.065315,7.430193,125.0,53
45.069211,7.430087,230.0,52
45.077004,7.429873,366.0,104
45.0809,7.429766,427.0,118
45.084797,7.42966,307.0,125
45.108175,7.429019,112.0,101
45.051742,7.435327,147.0,11
45.055639,7.435221,147.0,10
45.059535,7.435114,129.0,24
45.063432,7.435008,125.0,53
45.067328,7.434902,172.0,57
45.071225,7.434795,233.0,42
45.079017,7.434583,427.0,109
45.082914,7.434476,427.0,131
45.106292,7.433837,112.0,101
45.110189,7.43373,112.0,72
45.02648,7.440776,146.0,96
45.030377,7.44067,135.0,105
45.061549,7.439822,109.0,43
45.065445,7.439716,109.0,56
45.069342,7.43961,101.0,52
45.081031,7.439292,183.0,104
45.084927,7.439186,133.0,108
44.977839,7.446851,133.0,170
44.981735,7.446746,230.0,107
45.0207,7.445692,117.0,69
45.024597,7.445587,327.0,95
45.028493,7.445481,329.0,122
44.979852,7.451553,230.0,176
44.983748,7.451448,230.0,134
45.018817,7.450503,117.0,69
45.022713,7.450398,216.0,97
45.02661,7.450292,329.0,143
45.030506,7.450187,288.0,98
44.977968,7.45636,237.0,155
44.981864,7.456255,446.0,196
44.985761,7.45615,434.0,183
44.989657,7.456046,355.0,125
45.02083,7.455208,158.0,102
45.024726,7.455103,176.0,104
45.028623,7.454998,172.0,105
45.067588,7.453949,127.0,53
45.071484,7.453844,237.0,52
45.075381,7.453739,227.0,36
44.97998,7.461062,604.0,120
44.983877,7.460958,604.0,225
44.987773,7.460853,571.0,255
44.99167,7.460749,559.0,153
44.995566,7.460645,403.0,101
44.999463,7.46054,124.0,2
45.00336,7.460436,117.0,1
45.015049,7.460123,140.0,95
45.018946,7.460018,173.0,113
45.022842,7.459914,151.0,158
45.026739,7.459809,123.0,102
45.046221,7.459286,104.0,12
45.0696,7.458658,241.0,61
45.073497,7.458554,258.0,52
45.077393,7.458449,138.0,32
44.978096,7.465868,303.0,80
44.981993,7.465765,598.0,115
44.985889,7.465661,590.0,177
44.989786,7.465557,567.0,280
44.993682,7.465453,569.0,140
44.997579,7.465349,164.0,86
45.001475,7.465245,122.0,1
45.017061,7.464828,192.0,135
45.020958,7.464724,194.0,150
45.024855,7.46462,126.0,114
45.044337,7.464099,126.0,30
45.067716,7.463473,126.0,52
45.071613,7.463368,255.0,59
45.075509,7.463264,246.0,49
44.980108,7.470571,120.0,68
44.984005,7.470467,115.0,121
44.987901,7.470364,687.0,222
44.991798,7.47026,942.0,217
44.995694,7.470156,658.0,120
45.007384,7.469845,253.0,1
45.01128,7.469742,255.0,81
45.015177,7.469638,383.0,114
45.019074,7.469534,421.0,143
45.02297,7.46943,304.0,109
45.026867,7.469326,131.0,78
45.042453,7.468911,198.0,36
45.046349,7.468807,236.0,38
45.069728,7.468182,227.0,56
45.073625,7.468078,247.0,51
44.986016,7.475171,179.0,170
44.989913,7.475067,970.0,283
44.99381,7.474964,971.0,167
44.997706,7.474861,183.0,99
45.013292,7.474447,292.0,102
45.017189,7.474343,425.0,165
45.021086,7.47424,425.0,159
45.024982,7.474136,150.0,98
45.044465,7.473619,236.0,38
45.048361,7.473515,236.0,36
45.067844,7.472996,124.0,55
45.07174,7.472892,247.0,59
45.075637,7.472789,242.0,49
44.988028,7.479874,515.0,287
44.991925,7.479771,727.0,267
44.995821,7.479668,516.0,132
45.011408,7.479256,194.0,97
45.015304,7.479153,333.0,141
45.019201,7.47905,379.0,187
45.023097,7.478946,270.0,120
45.04258,7.47843,134.0,38
45.046477,7.478327,162.0,47
45.069856,7.477706,133.0,68
45.073752,7.477603,145.0,59
45.108821,7.476671,137.0,101
44.99004,7.484578,134.0,230
44.993936,7.484476,134.0,179
45.013419,7.483962,113.0,138
45.017316,7.483859,309.0,230
45.021212,7.483756,309.0,148
45.106936,7.481488,182.0,128
45.110833,7.481384,182.0,105
44.992051,7.489283,134.0,319
44.995948,7.48918,110.0,240
45.015431,7.488668,244.0,226
45.019327,7.488565,309.0,166
45.105051,7.486304,108.0,123
45.108948,7.486201,179.0,117
45.112844,7.486098,148.0,92
44.997959,7.493885,108.0,233
45.001855,7.493783,118.0,125
45.005752,7.493681,101.0,46
45.017442,7.493374,103.0,209
45.071994,7.491941,152.0,175
45.07589,7.491839,153.0,140
45.107062,7.491018,148.0,133
45.110959,7.490915,148.0,119
44.95321,7.49981,100.0,54
44.957107,7.499709,108.0,52
44.99997,7.49859,154.0,230
45.003866,7.498489,154.0,121
45.070108,7.496755,139.0,210
45.074005,7.496653,158.0,204
45.109074,7.495732,148.0,129
45.11297,7.49563,133.0,105
44.955221,7.504512,108.0,95
44.959117,7.504411,106.0,73
44.998084,7.503397,139.0,328
45.00198,7.503296,163.0,223
45.005877,7.503195,132.0,122
45.064326,7.50167,127.0,135
45.068222,7.501568,171.0,204
45.072119,7.501466,330.0,230
45.076016,7.501364,339.0,219
45.107188,7.500549,105.0,135
45.111085,7.500447,103.0,120
44.945541,7.509517,126.0,59
44.949438,7.509416,128.0,57
44.953335,7.509315,422.0,94
44.957231,7.509214,481.0,117
44.961128,7.509114,267.0,84
44.996198,7.508204,139.0,389
45.000094,7.508103,335.0,347
45.003991,7.508002,337.0,211
45.007888,7.507901,237.0,178
45.011784,7.5078,234.0,321
45.015681,7.507698,109.0,215
45.023474,7.507496,118.0,265
45.027371,7.507395,308.0,252
45.031267,7.507293,308.0,214
45.035164,7.507192,307.0,171
45.03906,7.507091,307.0,146
45.042957,7.506989,117.0,0
45.06244,7.506482,356.0,167
45.066337,7.506381,356.0,170
45.070233,7.506279,684.0,224
45.07413,7.506178,768.0,240
45.078026,7.506076,539.0,275
45.081923,7.505974,229.0,304
45.085819,7.505873,207.0,219
44.947552,7.514219,150.0,57
44.951448,7.514118,259.0,69
44.955345,7.514018,558.0,83
44.959242,7.513917,558.0,130
44.998208,7.51291,288.0,375
45.002105,7.512809,343.0,325
45.006001,7.512708,300.0,203
45.009898,7.512607,237.0,276
45.013795,7.512506,221.0,214
45.025484,7.512204,268.0,415
45.029381,7.512103,309.0,374
45.033278,7.512002,308.0,338
45.037174,7.511901,308.0,304
45.041071,7.5118,271.0,211
45.060554,7.511294,217.0,214
45.06445,7.511193,356.0,236
45.068347,7.511092,438.0,255
45.072244,7.510991,768.0,251
45.07614,7.510889,768.0,308
45.080037,7.510788,257.0,300
45.083933,7.510687,229.0,247
44.945665,7.519021,131.0,45
44.949562,7.518921,129.0,47
44.953458,7.51882,410.0,51
44.957355,7.51872,465.0,63
44.961252,7.51862,263.0,72
44.984632,7.518018,107.0,78
44.996322,7.517716,118.0,344
45.000218,7.517616,323.0,426
45.004115,7.517515,322.0,334
45.008012,7.517415,387.0,300
45.011908,7.517314,396.0,335
45.015805,7.517214,210.0,214
45.019701,7.517113,101.0,374
45.023598,7.517012,179.0,539
45.027495,7.516912,407.0,555
45.031391,7.516811,411.0,473
45.035288,7.51671,343.0,431
45.039185,7.51661,343.0,353
45.043081,7.516509,140.0,237
45.062564,7.516005,915.0,337
45.066461,7.515904,929.0,335
45.070357,7.515803,954.0,360
45.074254,7.515703,957.0,341
45.078151,7.515602,749.0,383
45.082047,7.515501,424.0,285
45.085944,7.5154,435.0,247
45.08984,7.515299,497.0,254
45.093737,7.515198,508.0,254
45.097633,7.515097,432.0,270
45.10153,7.514996,421.0,252
45.105427,7.514895,296.0,202
45.109323,7.514794,149.0,98
44.978848,7.522923,133.0,155
44.982745,7.522823,231.0,144
44.986642,7.522723,227.0,136
44.998332,7.522422,223.0,380
45.002228,7.522322,283.0,444
45.006125,7.522222,423.0,345
45.010022,7.522122,653.0,357
45.013918,7.522021,621.0,336
45.017815,7.521921,181.0,367
45.021711,7.521821,181.0,529
45.025608,7.521721,468.0,632
45.029505,7.52162,531.0,603
45.033401,7.52152,462.0,453
45.037298,7.52142,380.0,388
45.041195,7.521319,343.0,291
45.060678,7.520817,720.0,326
45.064574,7.520716,1318.0,390
45.068471,7.520616,1275.0,495
45.072367,7.520515,1070.0,441
45.076264,7.520415,1070.0,362
45.080161,7.520314,564.0,292
45.084057,7.520214,526.0,278
45.087954,7.520113,647.0,330
45.09185,7.520012,723.0,370
45.095747,7.519912,685.0,404
45.099644,7.519811,564.0,429
45.10354,7.51971,564.0,303
45.107437,7.51961,190.0,185
44.930201,7.528923,120.0,32
44.980858,7.527628,212.0,162
44.984755,7.527528,231.0,162
44.988651,7.527428,128.0,157
45.000341,7.527129,283.0,404
45.004238,7.527029,283.0,457
45.008135,7.526929,623.0,470
45.012031,7.526829,653.0,431
45.015928,7.526729,369.0,391
45.019825,7.526629,181.0,423
45.023721,7.526529,260.0,550
45.027618,7.526429,531.0,609
45.031515,7.526329,531.0,581
45.035411,7.526229,385.0,438
45.039308,7.526129,380.0,264
45.043204,7.526029,166.0,197
45.062688,7.525528,1308.0,294
45.066584,7.525428,1304.0,412
45.070481,7.525328,1126.0,547
45.074377,7.525228,1061.0,415
45.078274,7.525127,861.0,273
45.082171,7.525027,505.0,212
45.086067,7.524927,512.0,287
45.089964,7.524827,707.0,416
45.09386,7.524726,704.0,438
45.097757,7.524626,594.0,449
45.101654,7.524525,563.0,440
45.10555,7.524425,396.0,305
45.113343,7.524224,162.0,49
44.928314,7.533723,275.0,26
44.932211,7.533624,281.0,32
44.936107,7.533525,182.0,32
44.940004,7.533425,177.0,27
44.998454,7.531935,553.0,377
45.002351,7.531835,766.0,456
45.006248,7.531736,760.0,631
45.010144,7.531636,740.0,623
45.014041,7.531537,708.0,492
45.025731,7.531238,113.0,527
45.029628,7.531138,120.0,688
45.060801,7.53034,304.0,243
45.064697,7.53024,510.0,332
45.068594,7.53014,542.0,476
45.07249,7.53004,731.0,489
45.076387,7.52994,728.0,344
45.088077,7.52964,268.0,274
45.091973,7.52954,442.0,309
45.09587,7.52944,467.0,355
45.099767,7.52934,558.0,493
45.103663,7.52924,558.0,427
45.10756,7.52914,189.0,291
45.111456,7.52904,172.0,65
45.115353,7.52894,159.0,103
45.11925,7.52884,153.0,84
45.123146,7.52874,112.0,46
45.134836,7.528439,212.0,29
45.138732,7.528339,212.0,37
45.142629,7.528239,106.0,45
44.926426,7.538523,373.0,15
44.930323,7.538424,517.0,23
44.93422,7.538325,464.0,33
44.938117,7.538226,359.0,39
44.942013,7.538127,345.0,23
44.996567,7.536741,153.0,309
45.000464,7.536641,991.0,415
45.00436,7.536542,991.0,540
45.008257,7.536443,797.0,559
45.012154,7.536344,775.0,581
45.01605,7.536244,334.0,409
45.06281,7.535051,431.0,269
45.066707,7.534952,433.0,426
45.070603,7.534852,629.0,682
45.0745,7.534753,707.0,467
45.078397,7.534653,476.0,272
45.090086,7.534354,435.0,202
45.093983,7.534255,435.0,260
45.09788,7.534155,531.0,407
45.101776,7.534055,558.0,543
45.105673,7.533955,402.0,463
45.109569,7.533856,172.0,285
45.113466,7.533756,170.0,134
45.117363,7.533656,153.0,133
45.121259,7.533556,153.0,59
45.132949,7.533257,104.0,12
45.136846,7.533157,212.0,40
45.140742,7.533057,192.0,55
44.928435,7.543224,517.0,7
44.932332,7.543125,517.0,23
44.936229,7.543027,376.0,28
44.944022,7.54283,161.0,15
44.998576,7.541447,684.0,313
45.002473,7.541348,969.0,415
45.00637,7.54125,900.0,623
45.010266,7.541151,772.0,681
45.014163,7.541052,751.0,469
45.060923,7.539863,232.0,399
45.064819,7.539764,410.0,365
45.068716,7.539664,467.0,595
45.072613,7.539565,935.0,653
45.076509,7.539466,947.0,404
45.080406,7.539366,125.0,212
45.088199,7.539168,173.0,127
45.092096,7.539068,291.0,110
45.099889,7.53887,620.0,454
45.103786,7.53877,623.0,576
45.107682,7.538671,402.0,411
45.111579,7.538571,394.0,247
45.115475,7.538472,224.0,130
45.119372,7.538372,117.0,62
45.134958,7.537974,158.0,32
45.138855,7.537875,159.0,53
44.934341,7.547827,189.0,15
45.000585,7.546154,582.0,367
45.004482,7.546056,580.0,513
45.008379,7.545957,720.0,727
45.012275,7.545859,741.0,523
45.016172,7.54576,348.0,358
45.062932,7.544575,338.0,287
45.066829,7.544476,346.0,502
45.070725,7.544377,1124.0,823
45.074622,7.544278,1481.0,587
45.078518,7.544179,1051.0,373
45.098002,7.543684,548.0,483
45.101898,7.543585,713.0,668
45.105795,7.543486,696.0,549
45.109691,7.543387,668.0,405
45.113588,7.543287,631.0,220
45.136968,7.542692,117.0,37
45.140864,7.542593,108.0,57
44.998697,7.55096,390.0,244
45.002594,7.550862,567.0,378
45.006491,7.550763,617.0,623
45.010387,7.550665,741.0,745
45.014284,7.550567,734.0,504
45.061044,7.549386,167.0,190
45.064941,7.549287,346.0,432
45.068837,7.549189,464.0,717
45.072734,7.54909,1481.0,840
45.076631,7.548991,1481.0,531
45.080527,7.548893,248.0,178
45.096114,7.548498,153.0,768
45.100011,7.548399,713.0,644
45.103907,7.5483,713.0,693
45.107804,7.548202,672.0,437
45.1117,7.548103,668.0,284
45.115597,7.548004,317.0,140
45.13508,7.547509,113.0,30
45.138977,7.547411,117.0,52
45.000706,7.555667,370.0,207
45.004603,7.555569,362.0,428
45.008499,7.555471,451.0,678
45.012396,7.555374,458.0,638
45.016293,7.555276,224.0,412
45.063053,7.554098,429.0,438
45.06695,7.554,452.0,638
45.070846,7.553902,984.0,885
45.074743,7.553803,1253.0,774
45.07864,7.553705,983.0,474
45.082536,7.553607,266.0,410
45.086433,7.553508,271.0,339
45.098123,7.553213,325.0,841
45.102019,7.553115,400.0,765
45.105916,7.553016,353.0,530
45.109813,7.552918,268.0,323
45.113709,7.552819,253.0,142
45.137089,7.552228,100.0,32
45.061165,7.558909,218.0,470
45.065061,7.558811,519.0,620
45.068958,7.558713,569.0,853
45.072855,7.558615,1125.0,991
45.076751,7.558517,1126.0,715
45.080648,7.558419,493.0,701
45.084545,7.558321,371.0,634
45.088441,7.558223,247.0,559
45.092338,7.558125,113.0,786
45.096235,7.558027,138.0,895
45.100131,7.557929,294.0,702
45.104028,7.55783,294.0,491
45.107925,7.557732,169.0,329
45.111821,7.557634,154.0,166
45.063173,7.563621,502.0,677
45.06707,7.563524,541.0,825
45.070966,7.563426,921.0,1010
45.074863,7.563329,1153.0,909
45.07876,7.563231,975.0,922
45.082656,7.563133,391.0,917
45.086553,7.563035,394.0,738
45.09045,7.562938,155.0,807
45.094346,7.56284,156.0,844
45.098243,7.562742,226.0,721
45.10214,7.562644,267.0,453
45.106036,7.562547,223.0,292
45.109933,7.562449,137.0,168
45.11383,7.562351,132.0,39
45.137209,7.561763,113.0,46
45.141106,7.561666,107.0,73
45.010627,7.569694,101.0,587
45.014524,7.569597,103.0,779
45.018421,7.5695,337.0,747
45.022318,7.569403,351.0,774
45.026214,7.569306,147.0,942
45.053491,7.568626,510.0,636
45.057388,7.568529,703.0,802
45.061285,7.568432,1013.0,795
45.065181,7.568334,1526.0,807
45.069078,7.568237,1562.0,982
45.072975,7.56814,1956.0,1079
45.076871,7.568043,1963.0,1015
45.080768,7.567945,998.0,1050
45.084665,7.567848,774.0,930
45.088561,7.56775,735.0,959
45.092458,7.567653,684.0,930
45.096355,7.567556,610.0,947
45.131424,7.566678,378.0,137
45.139218,7.566483,168.0,141
45.008738,7.5745,112.0,409
45.012635,7.574404,129.0,656
45.016532,7.574307,270.0,969
45.020429,7.57421,455.0,792
45.024325,7.574113,414.0,755
45.051602,7.573436,123.0,715
45.055499,7.573339,779.0,855
45.059396,7.573242,779.0,897
45.063292,7.573145,1539.0,959
45.067189,7.573048,1610.0,972
45.071086,7.572951,1845.0,1139
45.074983,7.572854,2007.0,1088
45.078879,7.572757,1741.0,1112
45.082776,7.57266,788.0,1051
45.086673,7.572563,788.0,1025
45.090569,7.572466,700.0,990
45.094466,7.572369,697.0,958
45.098363,7.572271,239.0,884
45.125639,7.571591,278.0,178
45.129536,7.571494,378.0,266
45.133433,7.571397,304.0,266
45.137329,7.571299,168.0,284
45.141226,7.571202,160.0,190
45.010746,7.579209,120.0,483
45.014643,7.579113,118.0,714
45.01854,7.579016,465.0,990
45.022436,7.57892,483.0,889
45.026333,7.578824,203.0,930
45.05361,7.578148,493.0,864
45.057507,7.578051,682.0,981
45.061404,7.577955,973.0,965
45.0653,7.577858,1549.0,1027
45.069197,7.577762,1552.0,1053
45.073094,7.577665,1562.0,1131
45.07699,7.577568,1540.0,1103
45.080887,7.577472,740.0,1121
45.084784,7.577375,513.0,1099
45.08868,7.577278,477.0,1023
45.092577,7.577181,431.0,893
45.096474,7.577085,381.0,970
45.127647,7.57631,485.0,380
45.131544,7.576213,488.0,486
45.13544,7.576116,174.0,498
45.139337,7.576019,139.0,328
44.954302,7.585357,134.0,69
44.958199,7.585261,207.0,73
45.01665,7.583823,287.0,790
45.020547,7.583726,697.0,1001
45.024444,7.58363,647.0,951
45.055618,7.582861,385.0,961
45.059514,7.582765,385.0,822
45.063411,7.582668,1282.0,922
45.067308,7.582572,1390.0,1005
45.071205,7.582476,929.0,1182
45.075101,7.582379,566.0,1212
45.078998,7.582283,460.0,1161
45.125758,7.581125,420.0,500
45.129655,7.581028,583.0,638
45.133551,7.580932,432.0,492
45.137448,7.580835,116.0,338
44.956309,7.590062,242.0,116
44.960206,7.589967,242.0,80
45.018658,7.588533,653.0,847
45.022554,7.588437,698.0,1110
45.026451,7.588341,311.0,1053
45.053728,7.58767,268.0,963
45.057625,7.587574,385.0,880
45.061522,7.587478,697.0,901
45.065418,7.587382,1390.0,1002
45.069315,7.587286,1371.0,1158
45.073212,7.58719,566.0,1251
45.077109,7.587094,566.0,1266
45.081005,7.586998,145.0,1195
45.127766,7.585844,582.0,553
45.131662,7.585747,582.0,372
45.135559,7.585651,172.0,263
45.139456,7.585555,115.0,163
44.954419,7.594863,197.0,95
44.958316,7.594767,313.0,112
44.962213,7.594672,251.0,77
45.001181,7.59372,432.0,345
45.005078,7.593625,447.0,447
45.008974,7.593529,122.0,416
45.016768,7.593338,175.0,699
45.020665,7.593243,436.0,916
45.024561,7.593147,413.0,1129
45.028458,7.593052,224.0,1043
45.032355,7.592956,229.0,895
45.055735,7.592383,166.0,874
45.059632,7.592288,160.0,889
45.063529,7.592192,762.0,1032
45.067426,7.592096,837.0,1113
45.071322,7.592001,919.0,1231
45.075219,7.591905,1021.0,1314
45.079116,7.591809,856.0,1267
45.129773,7.590563,110.0,385
44.956426,7.599568,606.0,110
44.960323,7.599473,606.0,141
44.999291,7.598524,573.0,327
45.003188,7.598429,1077.0,484
45.007085,7.598334,911.0,527
45.022672,7.597954,102.0,977
45.026568,7.597858,272.0,1167
45.030465,7.597763,389.0,1089
45.034362,7.597668,307.0,974
45.061639,7.597001,146.0,980
45.065536,7.596906,503.0,1052
45.069433,7.596811,506.0,1238
45.073329,7.596715,1262.0,1271
45.077226,7.59662,1262.0,1247
45.081123,7.596524,339.0,1177
44.954536,7.604368,353.0,74
44.958433,7.604274,606.0,137
44.96233,7.604179,493.0,141
45.001298,7.603233,1075.0,367
45.005194,7.603138,1077.0,554
45.009091,7.603044,313.0,524
45.020782,7.602759,102.0,933
45.024678,7.602665,114.0,1081
45.028575,7.60257,389.0,1178
45.032472,7.602475,389.0,1149
45.063646,7.601715,444.0,1095
45.067543,7.60162,525.0,1237
45.071439,7.601525,893.0,1297
45.075336,7.60143,1264.0,1310
45.079233,7.601335,1085.0,1229
45.22341,7.597804,174.0,21
45.227307,7.597708,549.0,20
45.231203,7.597612,559.0,20
45.2351,7.597516,461.0,22
44.929265,7.609733,187.0,5
44.933161,7.609638,191.0,5
44.960439,7.60898,315.0,133
44.964336,7.608886,154.0,155
44.999407,7.608037,182.0,282
45.003304,7.607943,342.0,426
45.007201,7.607848,308.0,536
45.011098,7.607754,115.0,628
45.014995,7.607659,117.0,885
45.018891,7.607565,619.0,983
45.022788,7.60747,697.0,1086
45.026685,7.607376,385.0,1111
45.030582,7.607281,116.0,1198
45.034478,7.607187,145.0,1158
45.038375,7.607092,248.0,1027
45.042272,7.606998,253.0,804
45.061756,7.606525,404.0,1112
45.065653,7.60643,1342.0,1177
45.069549,7.606335,1350.0,1259
45.073446,7.606241,1319.0,1284
45.077343,7.606146,1318.0,1243
45.081239,7.606051,448.0,1145
45.112413,7.605292,121.0,386
45.22152,7.602627,147.0,21
45.225417,7.602531,628.0,21
45.229313,7.602436,830.0,21
45.23321,7.60234,797.0,22
44.927374,7.61453,129.0,5
44.931271,7.614436,260.0,5
44.935168,7.614343,229.0,5
44.966342,7.613592,152.0,188
44.970239,7.613498,152.0,167
44.974136,7.613404,118.0,175
44.978033,7.61331,115.0,100
45.009207,7.612558,116.0,683
45.013104,7.612464,149.0,810
45.017001,7.61237,369.0,1001
45.020898,7.612276,859.0,1092
45.024794,7.612182,842.0,1096
45.036485,7.611899,235.0,1122
45.040382,7.611805,292.0,1002
45.044278,7.611711,218.0,953
45.063762,7.611239,1168.0,1186
45.067659,7.611145,1403.0,1251
45.071556,7.61105,1365.0,1299
45.075452,7.610956,1321.0,1310
45.079349,7.610862,1173.0,1246
45.110523,7.610105,121.0,538
45.11442,7.610011,121.0,648
45.21963,7.607449,146.0,4
45.223527,7.607354,227.0,21
45.227424,7.607259,825.0,21
45.23132,7.607164,823.0,22
45.235217,7.607068,724.0,23
44.92938,7.619234,253.0,5
44.933277,7.619141,260.0,5
44.964452,7.618393,131.0,107
44.968348,7.618299,151.0,153
44.972245,7.618206,137.0,235
44.976142,7.618112,118.0,183
44.980039,7.618018,112.0,144
45.011213,7.617269,210.0,924
45.01511,7.617175,218.0,988
45.019007,7.617081,741.0,1051
45.022904,7.616987,829.0,1107
45.026801,7.616893,430.0,1202
45.034594,7.616706,140.0,1188
45.038491,7.616612,636.0,1153
45.042388,7.616518,664.0,1054
45.046284,7.616424,366.0,1085
45.050181,7.61633,362.0,1135
45.054078,7.616236,362.0,1115
45.057975,7.616142,367.0,1167
45.061872,7.616048,663.0,1202
45.065768,7.615954,1608.0,1234
45.069665,7.61586,1619.0,1318
45.073562,7.615766,1641.0,1352
45.077459,7.615672,1656.0,1320
45.081355,7.615578,852.0,1258
45.085252,7.615483,477.0,1156
45.089149,7.615389,365.0,1035
45.100839,7.615107,202.0,868
45.104736,7.615012,207.0,852
45.108633,7.614918,246.0,775
45.112529,7.614824,261.0,821
45.116426,7.61473,294.0,838
45.120323,7.614635,353.0,530
45.12422,7.614541,353.0,373
45.128116,7.614447,176.0,172
45.19436,7.61284,107.0,0
45.198257,7.612745,142.0,3
45.202153,7.61265,165.0,3
45.20605,7.612556,140.0,3
45.225533,7.612082,338.0,21
45.22943,7.611987,468.0,21
45.233327,7.611892,361.0,22
45.237223,7.611797,114.0,10
44.939179,7.623752,201.0,5
44.943076,7.623659,205.0,7
44.946973,7.623566,278.0,7
44.95087,7.623473,296.0,7
44.954767,7.623379,200.0,7
44.974251,7.622913,248.0,249
44.978148,7.62282,270.0,233
44.982045,7.622727,176.0,215
44.985942,7.622633,110.0,286
45.001529,7.62226,292.0,480
45.005426,7.622166,304.0,770
45.009322,7.622073,645.0,974
45.013219,7.62198,822.0,1101
45.017116,7.621886,766.0,1097
45.021013,7.621793,620.0,1127
45.02491,7.621699,618.0,1212
45.028807,7.621606,170.0,1277
45.032703,7.621512,170.0,1211
45.0366,7.621418,1619.0,1188
45.040497,7.621325,2147.0,1181
45.044394,7.621231,1831.0,1173
45.04829,7.621138,1245.0,1179
45.052187,7.621044,1242.0,1222
45.056084,7.62095,1183.0,1217
45.059981,7.620857,1184.0,1265
45.063878,7.620763,1918.0,1275
45.067774,7.620669,2106.0,1325
45.071671,7.620575,2194.0,1359
45.075568,7.620482,2314.0,1387
45.079465,7.620388,2199.0,1315
45.083361,7.620294,1142.0,1249
45.087258,7.6202,1142.0,1192
45.091155,7.620106,229.0,1127
45.098948,7.619919,246.0,1017
45.102845,7.619825,413.0,1033
45.106742,7.619731,414.0,993
45.110639,7.619637,416.0,835
45.114535,7.619543,416.0,816
45.118432,7.619449,667.0,667
45.122329,7.619355,692.0,459
45.126226,7.619261,479.0,304
45.130122,7.619167,329.0,276
45.134019,7.619073,266.0,193
45.19247,7.61766,133.0,1
45.196366,7.617565,135.0,3
45.200263,7.617471,184.0,3
45.20416,7.617377,184.0,3
45.22754,7.61681,436.0,4
45.231436,7.616715,436.0,3
45.235333,7.616621,127.0,4
44.937288,7.62855,172.0,5
44.941185,7.628457,250.0,7
44.945082,7.628364,276.0,7
44.948979,7.628272,349.0,7
44.952876,7.628179,349.0,7
44.956772,7.628086,108.0,7
44.97236,7.627714,131.0,146
44.976257,7.627621,282.0,231
44.980154,7.627528,275.0,301
44.98405,7.627435,116.0,228
44.987947,7.627342,116.0,378
44.999638,7.627063,151.0,523
45.003535,7.62697,308.0,634
45.007431,7.626877,355.0,919
45.011328,7.626784,829.0,1086
45.015225,7.626691,829.0,1173
45.019122,7.626597,651.0,1176
45.023019,7.626504,619.0,1264
45.026915,7.626411,399.0,1303
45.030812,7.626318,170.0,1215
45.034709,7.626225,452.0,1230
45.038606,7.626131,2147.0,1237
45.042503,7.626038,2147.0,1214
45.046399,7.625945,1335.0,1229
45.050296,7.625851,1245.0,1290
45.054193,7.625758,1210.0,1270
45.05809,7.625665,1184.0,1298
45.061987,7.625571,1369.0,1269
45.065883,7.625478,2106.0,1270
45.06978,7.625385,2106.0,1286
45.073677,7.625291,2303.0,1349
45.077574,7.625198,2314.0,1327
45.08147,7.625104,1555.0,1296
45.085367,7.625011,1142.0,1286
45.089264,7.624917,859.0,1232
45.100954,7.624637,411.0,1119
45.104851,7.624543,413.0,1109
45.108748,7.624449,415.0,998
45.112645,7.624356,416.0,843
45.116541,7.624262,508.0,720
45.120438,7.624169,692.0,600
45.124335,7.624075,678.0,438
45.128232,7.623981,332.0,416
45.132128,7.623887,335.0,402
45.190579,7.622479,109.0,1
45.194476,7.622385,120.0,2
45.198372,7.622291,148.0,4
45.202269,7.622197,168.0,3
45.206166,7.622103,154.0,4
45.210062,7.622009,146.0,5
45.213959,7.621915,152.0,6
45.217856,7.621821,118.0,6
45.221752,7.621727,122.0,6
45.225649,7.621632,250.0,1
45.229546,7.621538,320.0,2
44.939294,7.633255,251.0,2
44.94319,7.633163,252.0,7
44.947087,7.63307,372.0,7
44.950984,7.632978,395.0,7
44.954881,7.632885,251.0,7
44.974365,7.632422,206.0,201
44.978262,7.63233,224.0,222
44.982159,7.632237,216.0,374
44.989953,7.632052,281.0,560
44.99385,7.631959,620.0,702
44.997746,7.631866,645.0,643
45.001643,7.631773,434.0,681
45.00554,7.631681,427.0,792
45.009437,7.631588,729.0,954
45.013334,7.631495,905.0,1081
45.017231,7.631402,999.0,1233
45.021127,7.631309,1305.0,1272
45.025024,7.631216,1328.0,1329
45.028921,7.631123,696.0,1254
45.032818,7.631031,703.0,1239
45.036715,7.630938,2263.0,1268
45.040611,7.630845,2933.0,1284
45.044508,7.630752,2716.0,1284
45.048405,7.630659,2235.0,1326
45.052302,7.630566,2230.0,1341
45.056199,7.630473,1199.0,1299
45.060095,7.63038,1199.0,1300
45.063992,7.630287,2499.0,1274
45.067889,7.630194,2912.0,1279
45.071786,7.6301,2975.0,1329
45.075683,7.630007,3059.0,1392
45.079579,7.629914,2923.0,1313
45.083476,7.629821,1145.0,1265
45.087373,7.629728,1145.0,1228
45.09127,7.629635,637.0,1158
45.095166,7.629541,551.0,1184
45.099063,7.629448,833.0,1189
45.10296,7.629355,1152.0,1137
45.106857,7.629262,1024.0,1040
45.110753,7.629168,166.0,968
45.11465,7.629075,161.0,929
45.118547,7.628982,817.0,719
45.122444,7.628888,911.0,536
45.12634,7.628795,1176.0,560
45.130237,7.628702,1412.0,528
45.134134,7.628608,1160.0,488
45.208171,7.62683,400.0,6
45.212068,7.626736,495.0,7
45.215965,7.626642,455.0,6
45.219862,7.626549,392.0,6
45.223758,7.626455,363.0,6
44.941299,7.637961,263.0,2
44.945196,7.637869,346.0,7
44.949093,7.637776,606.0,7
44.952989,7.637684,606.0,7
44.984164,7.636946,427.0,414
44.988061,7.636853,427.0,619
44.991958,7.636761,1399.0,794
44.995855,7.636669,1707.0,740
44.999752,7.636576,1289.0,659
45.003649,7.636484,610.0,733
45.007545,7.636391,637.0,908
45.011442,7.636299,1008.0,1057
45.015339,7.636206,1008.0,1085
45.019236,7.636114,1928.0,1246
45.023133,7.636021,2128.0,1346
45.02703,7.635929,1720.0,1323
45.030926,7.635836,1236.0,1294
45.034823,7.635744,1521.0,1271
45.03872,7.635651,3628.0,1304
45.042617,7.635558,3628.0,1328
45.046514,7.635466,3084.0,1354
45.05041,7.635373,3009.0,1357
45.054307,7.63528,2040.0,1324
45.058204,7.635188,1209.0,1317
45.062101,7.635095,1589.0,1341
45.065998,7.635002,3371.0,1323
45.069894,7.634909,3371.0,1326
45.073791,7.634817,3425.0,1401
45.077688,7.634724,3430.0,1366
45.081585,7.634631,2023.0,1287
45.085482,7.634538,1147.0,1203
45.089378,7.634445,1044.0,1129
45.093275,7.634352,714.0,1181
45.097172,7.634259,714.0,1262
45.101069,7.634167,1350.0,1208
45.104965,7.634074,1366.0,1116
45.108862,7.633981,498.0,1003
45.112759,7.633888,105.0,906
45.116656,7.633795,362.0,750
45.120553,7.633702,950.0,659
45.124449,7.633609,962.0,666
45.128346,7.633516,1562.0,706
45.132243,7.633423,1562.0,702
45.13614,7.633329,454.0,519
45.175107,7.632398,327.0,5
45.179004,7.632304,291.0,3
45.20628,7.631651,155.0,3
45.210177,7.631557,495.0,7
45.214074,7.631464,495.0,7
45.217971,7.63137,400.0,6
45.221867,7.631277,392.0,6
45.225764,7.631183,157.0,6
44.943304,7.642667,263.0,1
44.947201,7.642575,542.0,2
44.951098,7.642483,606.0,3
44.982273,7.641747,262.0,271
44.986169,7.641655,427.0,539
44.990066,7.641563,639.0,802
44.993963,7.641471,1706.0,833
44.99786,7.641379,1707.0,757
45.001757,7.641287,697.0,744
45.005654,7.641195,610.0,876
45.009551,7.641103,850.0,1070
45.013447,7.64101,1008.0,1002
45.017344,7.640918,1261.0,1152
45.021241,7.640826,2128.0,1282
45.025138,7.640734,2129.0,1325
45.029035,7.640641,1264.0,1341
45.032932,7.640549,1236.0,1322
45.036828,7.640457,2851.0,1302
45.040725,7.640365,3625.0,1303
45.044622,7.640272,3442.0,1358
45.048519,7.64018,3007.0,1342
45.052416,7.640088,2986.0,1264
45.056312,7.639995,1232.0,1282
45.060209,7.639903,1239.0,1275
45.064106,7.63981,2827.0,1325
45.068003,7.639718,3382.0,1339
45.0719,7.639626,3404.0,1376
45.075796,7.639533,3424.0,1385
45.079693,7.639441,3295.0,1313
45.08359,7.639348,1151.0,1256
45.087487,7.639256,1152.0,1177
45.091384,7.639163,840.0,1118
45.09528,7.63907,764.0,1198
45.099177,7.638978,1035.0,1225
45.103074,7.638885,1368.0,1211
45.106971,7.638793,1234.0,1092
45.110868,7.6387,148.0,921
45.114764,7.638607,153.0,727
45.118661,7.638515,837.0,731
45.122558,7.638422,948.0,786
45.126455,7.638329,1125.0,759
45.130351,7.638237,1270.0,762
45.134248,7.638144,1047.0,584
45.173215,7.637215,573.0,7
45.177112,7.637122,598.0,9
45.181009,7.637029,262.0,6
45.208286,7.636378,225.0,3
45.212183,7.636285,280.0,7
45.216079,7.636192,260.0,6
45.219976,7.636098,231.0,6
45.223873,7.636005,220.0,6
45.231666,7.635819,100.0,3
44.984277,7.646456,374.0,394
44.988174,7.646365,373.0,622
44.992071,7.646273,1411.0,875
44.995968,7.646181,1796.0,928
44.999865,7.646089,1584.0,896
45.003762,7.645998,1188.0,872
45.007659,7.645906,1207.0,970
45.011555,7.645814,1379.0,1022
45.015452,7.645722,1387.0,1155
45.019349,7.64563,1915.0,1188
45.023246,7.645538,2038.0,1278
45.027143,7.645446,2065.0,1314
45.03104,7.645355,2105.0,1327
45.034937,7.645263,2124.0,1322
45.038833,7.645171,2418.0,1326
45.04273,7.645079,2399.0,1350
45.046627,7.644987,2697.0,1364
45.050524,7.644895,2765.0,1277
45.054421,7.644803,2708.0,1252
45.058317,7.644711,2676.0,1268
45.062214,7.644618,2837.0,1285
45.066111,7.644526,3730.0,1325
45.070008,7.644434,3734.0,1361
45.073905,7.644342,3353.0,1422
45.077802,7.64425,3312.0,1413
45.081698,7.644158,2087.0,1314
45.085595,7.644066,1219.0,1257
45.089492,7.643973,1226.0,1209
45.093389,7.643881,1245.0,1167
45.097285,7.643789,1247.0,1177
45.101182,7.643697,1378.0,1215
45.105079,7.643604,1384.0,1195
45.108976,7.643512,739.0,1079
45.112873,7.64342,405.0,947
45.116769,7.643327,553.0,966
45.120666,7.643235,939.0,949
45.124563,7.643143,938.0,965
45.12846,7.64305,236.0,823
45.167427,7.642125,240.0,9
45.171324,7.642033,560.0,13
45.175221,7.64194,999.0,14
45.179117,7.641847,923.0,12
45.183014,7.641755,201.0,8
45.186911,7.641662,201.0,8
45.218085,7.64092,108.0,6
45.221981,7.640827,109.0,6
45.225878,7.640734,137.0,3
45.229775,7.640641,157.0,3
45.233671,7.640548,131.0,3
44.982385,7.651258,198.0,212
44.986282,7.651166,345.0,456
44.990179,7.651075,556.0,661
44.994076,7.650983,1835.0,860
44.997973,7.650892,1835.0,1021
45.00187,7.6508,1451.0,1012
45.005767,7.650709,1409.0,1009
45.009663,7.650617,1461.0,1126
45.01356,7.650526,1500.0,1172
45.017457,7.650434,1604.0,1247
45.021354,7.650343,2016.0,1270
45.025251,7.650251,2016.0,1219
45.029148,7.65016,2269.0,1271
45.033044,7.650068,2283.0,1304
45.036941,7.649976,2243.0,1342
45.040838,7.649885,2222.0,1325
45.044735,7.649793,2358.0,1332
45.048632,7.649701,2738.0,1321
45.052529,7.64961,2738.0,1307
45.056425,7.649518,2801.0,1295
45.060322,7.649426,2802.0,1274
45.064219,7.649334,3483.0,1339
45.068116,7.649243,3753.0,1313
45.072013,7.649151,3605.0,1388
45.07591,7.649059,3308.0,1442
45.079806,7.648967,3231.0,1371
45.083703,7.648875,1220.0,1367
45.0876,7.648783,1220.0,1317
45.091497,7.648691,1245.0,1253
45.095394,7.6486,1252.0,1221
45.09929,7.648508,1305.0,1201
45.103187,7.648416,1384.0,1173
45.107084,7.648324,1301.0,1198
45.110981,7.648232,405.0,1065
45.114878,7.64814,405.0,1007
45.118774,7.648048,854.0,1014
45.122671,7.647956,939.0,981
45.126568,7.647864,597.0,878
45.146052,7.647403,110.0,181
45.149948,7.647311,122.0,128
45.169432,7.64685,240.0,13
45.173329,7.646757,959.0,16
45.177226,7.646665,999.0,14
45.181122,7.646573,486.0,16
45.185019,7.64648,201.0,10
45.188916,7.646388,149.0,7
45.216193,7.645741,101.0,6
45.22009,7.645648,109.0,6
45.223986,7.645556,111.0,3
45.227883,7.645463,158.0,3
45.23178,7.645371,158.0,3
44.98439,7.655967,339.0,278
44.988287,7.655876,343.0,372
44.992184,7.655785,1347.0,682
44.99608,7.655694,1775.0,872
44.999977,7.655603,1639.0,1040
45.003874,7.655512,1406.0,1087
45.007771,7.65542,1408.0,1107
45.011668,7.655329,1577.0,1200
45.015565,7.655238,1586.0,1277
45.019462,7.655147,1880.0,1282
45.023359,7.655056,1981.0,1249
45.027255,7.654964,2012.0,1251
45.031152,7.654873,2015.0,1241
45.035049,7.654782,1992.0,1286
45.038946,7.65469,2133.0,1336
45.042843,7.654599,2126.0,1349
45.04674,7.654508,2459.0,1307
45.050636,7.654416,2521.0,1326
45.054533,7.654325,2542.0,1314
45.05843,7.654233,2569.0,1286
45.062327,7.654142,2625.0,1329
45.066224,7.654051,2940.0,1310
45.070121,7.653959,2900.0,1352
45.074017,7.653868,3289.0,1396
45.077914,7.653776,3328.0,1400
45.081811,7.653685,2370.0,1327
45.085708,7.653593,1605.0,1335
45.089605,7.653501,1638.0,1324
45.093501,7.65341,1737.0,1292
45.097398,7.653318,1755.0,1254
45.101295,7.653227,1804.0,1177
45.105192,7.653135,1821.0,1152
45.109089,7.653043,1197.0,1189
45.112985,7.652952,833.0,1129
45.116882,7.65286,811.0,1066
45.120779,7.652768,697.0,954
45.124676,7.652677,690.0,760
45.128573,7.652585,125.0,633
45.14416,7.652218,209.0,317
45.148056,7.652126,623.0,268
45.151953,7.652034,630.0,205
45.15585,7.651942,445.0,213
45.159747,7.65185,455.0,189
45.163644,7.651758,229.0,135
45.16754,7.651666,148.0,8
45.171437,7.651574,249.0,11
45.175334,7.651482,406.0,15
45.179231,7.65139,373.0,16
45.225991,7.650285,154.0,3
45.229888,7.650193,209.0,3
45.233785,7.6501,181.0,3
44.904559,7.662579,301.0,9
44.908456,7.662489,308.0,9
44.974703,7.660949,223.0,141
44.9786,7.660859,277.0,249
44.982497,7.660768,281.0,260
44.986394,7.660677,284.0,387
44.990291,7.660586,348.0,458
44.994188,7.660496,851.0,649
44.998085,7.660405,845.0,850
45.001982,7.660314,1309.0,1012
45.005879,7.660223,1378.0,1083
45.009775,7.660132,1845.0,1191
45.013672,7.660041,2252.0,1290
45.017569,7.659951,2169.0,1338
45.021466,7.65986,1767.0,1292
45.025363,7.659769,1767.0,1306
45.02926,7.659678,771.0,1287
45.033157,7.659587,695.0,1277
45.037053,7.659496,1361.0,1266
45.04095,7.659405,1778.0,1301
45.044847,7.659314,1795.0,1319
45.048744,7.659223,1851.0,1350
45.052641,7.659132,1851.0,1324
45.056538,7.659041,1955.0,1380
45.060435,7.658949,1958.0,1376
45.064331,7.658858,1367.0,1330
45.068228,7.658767,1098.0,1368
45.072125,7.658676,1785.0,1387
45.076022,7.658585,3365.0,1403
45.079919,7.658494,3345.0,1377
45.083816,7.658402,2227.0,1320
45.087712,7.658311,2227.0,1303
45.091609,7.65822,2378.0,1290
45.095506,7.658129,2428.0,1297
45.099403,7.658037,2393.0,1271
45.1033,7.657946,2336.0,1212
45.107196,7.657855,2268.0,1154
45.111093,7.657763,1280.0,1205
45.11499,7.657672,1281.0,1115
45.118887,7.657581,621.0,1001
45.122784,7.657489,473.0,769
45.12668,7.657398,268.0,584
45.146164,7.65694,810.0,455
45.150061,7.656849,922.0,336
45.153958,7.656757,778.0,388
45.157855,7.656666,652.0,341
45.161751,7.656574,558.0,199
45.165648,7.656483,110.0,120
45.169545,7.656391,110.0,7
45.173442,7.656299,185.0,9
45.177338,7.656208,191.0,9
45.227996,7.655014,213.0,3
45.231893,7.654922,213.0,3
44.902666,7.667373,386.0,9
44.906563,7.667283,447.0,9
44.91046,7.667193,289.0,9
44.976708,7.665659,292.0,214
44.980604,7.665568,292.0,217
44.984501,7.665478,282.0,259
44.988398,7.665387,282.0,376
44.992295,7.665297,645.0,450
44.996192,7.665207,820.0,672
45.000089,7.665116,982.0,914
45.003986,7.665026,1377.0,1032
45.007883,7.664935,1386.0,1117
45.01178,7.664844,2257.0,1253
45.015676,7.664754,2257.0,1310
45.019573,7.664663,1893.0,1302
45.02347,7.664573,1767.0,1342
45.027367,7.664482,1379.0,1319
45.031264,7.664391,695.0,1330
45.035161,7.664301,756.0,1290
45.039058,7.66421,1778.0,1306
45.042955,7.664119,1778.0,1308
45.046851,7.664029,1837.0,1323
45.050748,7.663938,1851.0,1342
45.054645,7.663847,1898.0,1335
45.058542,7.663756,1958.0,1370
45.062439,7.663666,1867.0,1408
45.066336,7.663575,1098.0,1436
45.070232,7.663484,1098.0,1455
45.074129,7.663393,3058.0,1416
45.078026,7.663302,3365.0,1422
45.081923,7.663211,2775.0,1381
45.08582,7.663121,2227.0,1323
45.089717,7.66303,2259.0,1248
45.093613,7.662939,2428.0,1235
45.09751,7.662848,2428.0,1254
45.101407,7.662757,2344.0,1256
45.105304,7.662666,2336.0,1260
45.109201,7.662575,1706.0,1185
45.113098,7.662484,1281.0,1142
45.116994,7.662393,1101.0,987
45.120891,7.662302,473.0,793
45.124788,7.662211,472.0,639
45.144272,7.661755,284.0,426
45.148169,7.661664,900.0,396
45.152065,7.661572,892.0,363
45.155962,7.661481,627.0,283
45.159859,7.66139,623.0,232
45.163756,7.661299,243.0,158
45.167653,7.661207,103.0,4
45.175446,7.661025,175.0,5
45.226104,7.659836,130.0,3
45.23,7.659744,167.0,3
45.233897,7.659653,144.0,3
44.896876,7.672256,119.0,9
44.900773,7.672166,188.0,9
44.90467,7.672077,442.0,9
44.908567,7.671987,442.0,9
44.912464,7.671897,111.0,9
44.974815,7.670459,178.0,105
44.978711,7.670368,221.0,194
44.982608,7.670278,208.0,222
44.986505,7.670188,191.0,241
44.990402,7.670098,235.0,386
44.994299,7.670008,669.0,601
44.998196,7.669918,663.0,825
45.002093,7.669828,968.0,1004
45.00599,7.669737,1009.0,1148
45.009887,7.669647,1195.0,1182
45.013784,7.669557,1359.0,1210
45.01768,7.669467,1283.0,1234
45.021577,7.669376,1015.0,1248
45.025474,7.669286,991.0,1279
45.029371,7.669196,1021.0,1316
45.033268,7.669106,1037.0,1312
45.037165,7.669015,1517.0,1366
45.041062,7.668925,1854.0,1353
45.044959,7.668834,1963.0,1336
45.048855,7.668744,2370.0,1333
45.052752,7.668654,2384.0,1386
45.056649,7.668563,2138.0,1416
45.060546,7.668473,2129.0,1389
45.064443,7.668382,1505.0,1424
45.06834,7.668292,1180.0,1450
45.072237,7.668201,1590.0,1456
45.076133,7.668111,2679.0,1449
45.08003,7.66802,2663.0,1422
45.083927,7.66793,2046.0,1394
45.087824,7.667839,2042.0,1333
45.091721,7.667748,2708.0,1273
45.095618,7.667658,2983.0,1223
45.099514,7.667567,2641.0,1198
45.103411,7.667477,1993.0,1220
45.107308,7.667386,1906.0,1200
45.111205,7.667295,266.0,1131
45.115102,7.667204,247.0,979
45.146276,7.666478,115.0,253
45.150173,7.666387,116.0,297
44.902776,7.67687,285.0,9
44.906673,7.676781,360.0,9
44.91057,7.676691,292.0,9
44.914467,7.676602,194.0,7
44.918364,7.676512,177.0,3
44.992406,7.674809,264.0,633
45.0002,7.674629,423.0,1007
45.004097,7.67454,475.0,1087
45.007994,7.67445,475.0,1069
45.01189,7.67436,209.0,1144
45.015787,7.67427,207.0,1099
45.019684,7.67418,175.0,1136
45.023581,7.67409,163.0,1176
45.027478,7.674,560.0,1219
45.031375,7.67391,1360.0,1259
45.035272,7.67382,1380.0,1299
45.039169,7.67373,1918.0,1335
45.043066,7.67364,1918.0,1364
45.046962,7.67355,2570.0,1401
45.050859,7.67346,2753.0,1409
45.054756,7.67337,2543.0,1377
45.058653,7.67328,2234.0,1396
45.06255,7.673189,2149.0,1469
45.066447,7.673099,1223.0,1451
45.070344,7.673009,1223.0,1430
45.07424,7.672919,2179.0,1420
45.078137,7.672829,2360.0,1413
45.082034,7.672738,2172.0,1391
45.085931,7.672648,1972.0,1329
45.089828,7.672558,2136.0,1275
45.093725,7.672468,3159.0,1265
45.097621,7.672377,3159.0,1229
45.101518,7.672287,2032.0,1223
45.105415,7.672197,1902.0,1251
45.109312,7.672106,851.0,1144
44.90478,7.681574,357.0,9
44.908677,7.681485,357.0,9
44.912574,7.681396,206.0,7
44.916471,7.681307,196.0,3
44.998306,7.679431,404.0,1036
45.002203,7.679341,463.0,1065
45.0061,7.679252,475.0,953
45.009997,7.679162,349.0,988
45.013894,7.679073,207.0,1006
45.017791,7.678983,201.0,1010
45.021688,7.678893,163.0,1063
45.025585,7.678804,163.0,1106
45.029482,7.678714,1224.0,1161
45.033379,7.678624,1360.0,1192
45.037275,7.678535,1664.0,1247
45.041172,7.678445,1912.0,1274
45.045069,7.678355,2062.0,1301
45.048966,7.678266,2730.0,1338
45.052863,7.678176,2721.0,1363
45.05676,7.678086,2268.0,1437
45.060657,7.677996,2236.0,1408
45.064554,7.677906,1605.0,1453
45.06845,7.677816,1230.0,1419
45.072347,7.677727,1512.0,1406
45.076244,7.677637,2341.0,1388
45.080141,7.677547,2338.0,1416
45.084038,7.677457,2046.0,1336
45.087935,7.677367,2050.0,1266
45.091831,7.677277,2782.0,1215
45.095728,7.677187,3113.0,1187
45.099625,7.677097,2717.0,1194
45.103522,7.677007,1874.0,1223
45.107419,7.676917,1824.0,1155
44.902886,7.686368,178.0,1
44.906783,7.686279,231.0,5
44.91068,7.68619,186.0,3
44.992516,7.684321,318.0,670
44.996413,7.684232,519.0,901
45.00031,7.684143,490.0,979
45.004207,7.684054,398.0,932
45.008104,7.683964,396.0,887
45.012001,7.683875,113.0,912
45.015897,7.683786,103.0,902
45.019794,7.683697,119.0,871
45.023691,7.683607,127.0,837
45.027588,7.683518,248.0,1019
45.031485,7.683429,550.0,1072
45.035382,7.683339,534.0,1148
45.039279,7.68325,464.0,1221
45.043176,7.68316,443.0,1227
45.047073,7.683071,577.0,1253
45.050969,7.682982,587.0,1301
45.054866,7.682892,1238.0,1331
45.058763,7.682803,2310.0,1341
45.06266,7.682713,2253.0,1404
45.066557,7.682624,1402.0,1388
45.070454,7.682534,1403.0,1410
45.074351,7.682445,1902.0,1377
45.078248,7.682355,2007.0,1377
45.082144,7.682265,2413.0,1319
45.086041,7.682176,2907.0,1283
45.089938,7.682086,2888.0,1302
45.093835,7.681997,2720.0,1204
45.097732,7.681907,2718.0,1150
45.101629,7.681817,1821.0,1183
45.105526,7.681727,1691.0,1197
45.109422,7.681638,817.0,1164
44.994519,7.689033,567.0,765
44.998416,7.688944,567.0,848
45.002313,7.688855,409.0,836
45.00621,7.688766,371.0,797
45.010107,7.688677,241.0,843
45.021798,7.68841,119.0,633
45.025694,7.688321,119.0,703
45.029591,7.688232,363.0,892
45.033488,7.688143,401.0,1011
45.037385,7.688054,324.0,1111
45.041282,7.687965,252.0,1150
45.045179,7.687876,271.0,1172
45.049076,7.687787,372.0,1214
45.052973,7.687698,372.0,1257
45.05687,7.687609,2153.0,1307
45.060767,7.68752,2316.0,1327
45.064663,7.68743,1777.0,1343
45.06856,7.687341,1411.0,1351
45.072457,7.687252,1541.0,1359
45.076354,7.687163,1997.0,1407
45.080251,7.687074,1997.0,1342
45.084148,7.686984,2891.0,1276
45.088045,7.686895,2924.0,1269
45.091941,7.686806,2784.0,1251
45.095838,7.686716,2716.0,1225
45.099735,7.686627,2422.0,1182
45.103632,7.686538,1691.0,1179
45.107529,7.686448,1678.0,1113
44.996522,7.693745,593.0,742
45.000419,7.693656,554.0,872
45.004316,7.693568,350.0,661
45.008213,7.693479,348.0,656
45.023801,7.693125,112.0,401
45.027697,7.693036,180.0,631
45.031594,7.692947,344.0,855
45.035491,7.692859,339.0,861
45.039388,7.69277,210.0,992
45.043285,7.692681,207.0,1042
45.047182,7.692592,301.0,1103
45.051079,7.692503,334.0,1191
45.054976,7.692415,887.0,1241
45.058873,7.692326,1900.0,1293
45.06277,7.692237,1860.0,1269
45.066666,7.692148,1687.0,1335
45.070563,7.692059,1700.0,1340
45.07446,7.69197,1699.0,1378
45.078357,7.691881,1696.0,1299
45.082254,7.691792,2178.0,1279
45.086151,7.691703,2868.0,1244
45.090048,7.691615,2899.0,1240
45.093945,7.691526,3287.0,1210
45.097841,7.691436,3308.0,1234
45.101738,7.691347,2010.0,1203
45.105635,7.691258,1783.0,1146
45.109532,7.691169,990.0,1087
45.113429,7.69108,193.0,963
45.117326,7.690991,174.0,793
44.994628,7.698545,943.0,670
44.998525,7.698457,945.0,806
45.002422,7.698369,324.0,645
45.006319,7.698281,145.0,471
45.010216,7.698192,115.0,251
45.049185,7.697309,227.0,1089
45.053082,7.69722,227.0,1206
45.056979,7.697132,811.0,1268
45.060876,7.697043,880.0,1275
45.064772,7.696955,1665.0,1340
45.068669,7.696866,2272.0,1301
45.072566,7.696777,2058.0,1311
45.076463,7.696689,1174.0,1263
45.08036,7.6966,1174.0,1242
45.084257,7.696512,2694.0,1258
45.088154,7.696423,2782.0,1192
45.092051,7.696334,3596.0,1202
45.095948,7.696246,4055.0,1197
45.099844,7.696157,3494.0,1196
45.103741,7.696068,1886.0,1215
45.107638,7.69598,1886.0,1157
45.111535,7.695891,352.0,1047
45.115432,7.695802,337.0,939
45.119329,7.695713,143.0,782
45.150503,7.695002,300.0,7
45.1544,7.694913,196.0,2
44.992734,7.703346,543.0,554
44.99663,7.703258,953.0,728
45.000527,7.70317,803.0,637
45.004424,7.703082,142.0,449
45.008321,7.702994,142.0,182
45.047291,7.702114,175.0,984
45.051188,7.702025,227.0,1121
45.055084,7.701937,432.0,1201
45.058981,7.701849,880.0,1180
45.062878,7.701761,915.0,1220
45.066775,7.701673,2272.0,1241
45.070672,7.701584,2272.0,1287
45.074569,7.701496,1432.0,1251
45.078466,7.701408,1174.0,1251
45.082363,7.70132,1796.0,1212
45.08626,7.701231,2782.0,1195
45.090157,7.701143,2874.0,1132
45.094053,7.701055,4054.0,1153
45.09795,7.700966,4055.0,1176
45.101847,7.700878,2262.0,1193
45.105744,7.700789,1886.0,1159
45.109641,7.700701,1166.0,1062
45.113538,7.700613,337.0,960
45.117435,7.700524,304.0,965
45.148609,7.699816,306.0,326
45.152506,7.699727,308.0,278
44.986942,7.708233,171.0,322
44.990839,7.708146,188.0,502
44.994736,7.708058,770.0,669
44.998633,7.70797,763.0,598
45.00253,7.707883,268.0,435
45.045396,7.706918,111.0,865
45.049293,7.70683,215.0,1056
45.05319,7.706742,214.0,1155
45.057087,7.706655,553.0,1120
45.060984,7.706567,594.0,1169
45.064881,7.706479,1381.0,1189
45.068778,7.706391,2080.0,1247
45.072675,7.706303,1793.0,1241
45.076571,7.706215,434.0,1191
45.080468,7.706127,418.0,1162
45.084365,7.706039,1251.0,1152
45.088262,7.705951,1283.0,1177
45.092159,7.705863,1881.0,1110
45.096056,7.705775,2246.0,1094
45.099953,7.705687,1807.0,1081
45.10385,7.705599,413.0,1081
45.107747,7.705511,385.0,1058
45.111643,7.705423,456.0,994
45.11554,7.705335,469.0,1001
45.119437,7.705247,482.0,940
45.123334,7.705158,499.0,906
45.127231,7.70507,469.0,844
45.131128,7.704982,391.0,607
45.135025,7.704894,392.0,415
45.138922,7.704806,178.0,664
45.142818,7.704717,179.0,668
45.146715,7.704629,421.0,569
45.150612,7.704541,503.0,520
45.154509,7.704452,329.0,359
45.166199,7.704187,113.0,224
45.170096,7.704099,113.0,190
45.173993,7.704011,314.0,145
45.17789,7.703922,361.0,117
45.181787,7.703834,343.0,101
44.985047,7.713032,361.0,266
44.988944,7.712945,412.0,448
44.992841,7.712858,441.0,676
44.996738,7.712771,469.0,575
45.000635,7.712683,402.0,390
45.024017,7.712159,118.0,215
45.039605,7.71181,124.0,405
45.043502,7.711722,129.0,686
45.047398,7.711635,180.0,927
45.051295,7.711547,206.0,1044
45.055192,7.71146,270.0,1059
45.059089,7.711372,429.0,1072
45.062986,7.711285,441.0,1193
45.066883,7.711197,1983.0,1209
45.07078,7.71111,1983.0,1198
45.074677,7.711022,602.0,1167
45.078574,7.710934,111.0,1088
45.082471,7.710847,343.0,1018
45.086368,7.710759,761.0,1115
45.090265,7.710671,811.0,1178
45.094161,7.710584,1713.0,1071
45.098058,7.710496,1714.0,1033
45.101955,7.710408,381.0,980
45.109749,7.710233,242.0,920
45.113646,7.710145,493.0,971
45.117543,7.710057,500.0,932
45.12144,7.709969,561.0,897
45.125336,7.709881,561.0,769
45.129233,7.709794,450.0,630
45.13313,7.709706,432.0,417
45.137027,7.709618,308.0,487
45.140924,7.70953,189.0,612
45.144821,7.709442,240.0,589
45.148718,7.709354,514.0,594
45.152615,7.709266,514.0,543
45.168202,7.708914,115.0,306
45.172099,7.708826,169.0,234
45.175996,7.708738,364.0,221
45.179892,7.70865,364.0,180
45.183789,7.708562,322.0,138
45.187686,7.708474,320.0,90
44.983152,7.717831,140.0,256
44.987049,7.717745,412.0,435
44.990946,7.717658,412.0,573
44.994843,7.717571,469.0,503
44.99874,7.717484,469.0,357
45.026019,7.716875,118.0,197
45.041607,7.716526,128.0,416
45.045504,7.716439,135.0,637
45.049401,7.716352,205.0,849
45.053297,7.716265,204.0,941
45.057194,7.716178,389.0,942
45.061091,7.71609,420.0,1046
45.064988,7.716003,1185.0,1163
45.068885,7.715916,1956.0,1134
45.072782,7.715829,1678.0,1194
45.076679,7.715741,147.0,1076
45.080576,7.715654,153.0,907
45.084473,7.715567,641.0,905
45.08837,7.715479,695.0,1044
45.092267,7.715392,1191.0,1113
45.096164,7.715305,1551.0,1094
45.10006,7.715217,1211.0,947
45.111751,7.714955,389.0,783
45.115648,7.714867,401.0,801
45.119545,7.71478,452.0,916
45.123442,7.714692,476.0,793
45.127339,7.714605,436.0,610
45.131236,7.714517,338.0,420
45.139029,7.714342,137.0,358
45.142926,7.714255,134.0,377
45.146823,7.714167,299.0,378
45.15072,7.714079,359.0,370
45.154617,7.713992,240.0,309
45.174101,7.713553,299.0,373
45.177998,7.713465,357.0,255
45.181895,7.713378,430.0,227
45.185792,7.71329,541.0,143
45.189688,7.713202,512.0,130
45.197482,7.713026,141.0,58
44.985154,7.722544,241.0,399
44.989051,7.722457,265.0,527
44.992948,7.72237,281.0,514
44.996845,7.722284,297.0,352
45.000742,7.722197,265.0,233
45.051402,7.721069,109.0,704
45.055299,7.720983,115.0,768
45.059196,7.720896,144.0,826
45.063093,7.720809,142.0,998
45.06699,7.720722,1381.0,1151
45.070887,7.720635,1390.0,1083
45.074784,7.720548,879.0,1147
45.078681,7.720461,690.0,943
45.082578,7.720374,475.0,793
45.094269,7.720113,309.0,997
45.098166,7.720026,306.0,1001
45.102062,7.719939,338.0,856
45.105959,7.719852,349.0,715
45.109856,7.719764,211.0,576
45.121547,7.719503,168.0,744
45.125444,7.719416,168.0,620
45.176103,7.718281,348.0,222
45.18,7.718193,348.0,238
45.183897,7.718106,775.0,229
45.187794,7.718018,800.0,212
45.19169,7.717931,422.0,163
45.195587,7.717843,206.0,100
45.199484,7.717756,175.0,82
44.979362,7.727428,107.0,216
44.983259,7.727342,130.0,355
44.987156,7.727256,199.0,494
44.991053,7.72717,200.0,431
44.99495,7.727083,231.0,382
44.998847,7.726997,231.0,270
45.002744,7.726911,120.0,164
45.049507,7.725874,100.0,340
45.053404,7.725787,100.0,460
45.057301,7.725701,121.0,577
45.061198,7.725614,126.0,827
45.065095,7.725527,701.0,983
45.068992,7.725441,1367.0,1036
45.072889,7.725354,1286.0,1050
45.076786,7.725268,704.0,1061
45.080683,7.725181,704.0,835
45.08458,7.725094,112.0,775
45.09627,7.724834,301.0,874
45.100167,7.724747,310.0,979
45.104064,7.724661,349.0,847
45.107961,7.724574,349.0,751
45.119652,7.724313,105.0,586
45.123549,7.724226,168.0,649
45.127446,7.72414,140.0,601
45.174208,7.723096,272.0,149
45.178105,7.723009,348.0,157
45.182002,7.722921,521.0,207
45.185899,7.722834,800.0,200
45.189796,7.722747,759.0,170
45.193692,7.72266,206.0,144
45.197589,7.722573,206.0,134
45.201486,7.722485,106.0,93
44.977466,7.732226,128.0,186
44.981363,7.732141,132.0,311
44.98526,7.732055,197.0,459
44.989157,7.731969,217.0,374
44.993054,7.731883,221.0,263
45.000848,7.731711,194.0,173
45.0632,7.730333,105.0,751
45.067096,7.730246,916.0,875
45.070993,7.73016,922.0,989
45.07489,7.730074,681.0,1089
45.078787,7.729988,566.0,991
45.082684,7.729901,432.0,934
45.086581,7.729815,141.0,822
45.090478,7.729728,148.0,723
45.094375,7.729642,374.0,726
45.098272,7.729556,377.0,834
45.102169,7.729469,392.0,843
45.106066,7.729383,398.0,789
45.109963,7.729296,261.0,748
45.121653,7.729037,151.0,708
45.12555,7.72895,151.0,799
45.184004,7.72765,188.0,172
45.1879,7.727563,182.0,155
44.913218,7.738391,117.0,2
44.917115,7.738306,139.0,31
44.921012,7.73822,159.0,43
44.924909,7.738135,183.0,52
44.928806,7.73805,166.0,33
44.97557,7.737024,397.0,206
44.979467,7.736939,675.0,242
44.983364,7.736853,634.0,376
44.987261,7.736767,486.0,354
44.991158,7.736682,488.0,227
45.01454,7.736168,119.0,64
45.018437,7.736082,119.0,69
45.022334,7.735996,113.0,52
45.026231,7.73591,113.0,26
45.072995,7.73488,119.0,868
45.076892,7.734794,341.0,932
45.080789,7.734708,341.0,912
45.084686,7.734622,301.0,846
45.088583,7.734536,294.0,852
45.092479,7.73445,383.0,748
45.096376,7.734364,467.0,721
45.100273,7.734277,464.0,821
45.10417,7.734191,450.0,722
45.108067,7.734105,450.0,641
45.123655,7.73376,137.0,752
45.127552,7.733674,108.0,711
44.915218,7.743098,186.0,27
44.919116,7.743013,186.0,35
44.923013,7.742928,223.0,44
44.92691,7.742843,225.0,35
44.977571,7.741736,702.0,224
44.981468,7.741651,703.0,321
44.985365,7.741566,538.0,378
44.989262,7.741481,495.0,243
44.993159,7.741395,294.0,1
45.012644,7.740968,106.0,61
45.016541,7.740883,119.0,91
45.020438,7.740798,116.0,53
45.024335,7.740712,113.0,29
45.074996,7.7396,255.0,717
45.078893,7.739514,341.0,760
45.08279,7.739428,328.0,710
45.086687,7.739343,294.0,808
45.090584,7.739257,294.0,828
45.094481,7.739171,466.0,707
45.098378,7.739086,467.0,729
45.102274,7.739,455.0,780
45.106171,7.738914,450.0,622
45.110068,7.738828,313.0,494
45.121759,7.73857,137.0,617
45.125656,7.738485,137.0,760
44.913322,7.74789,149.0,2
44.917219,7.747805,175.0,27
44.921116,7.747721,188.0,31
44.925013,7.747636,209.0,31
44.92891,7.747551,188.0,27
44.975675,7.746534,345.0,188
44.979572,7.746449,596.0,319
44.983469,7.746364,548.0,352
44.987366,7.746279,364.0,223
45.014645,7.745684,197.0,47
45.018542,7.745599,200.0,39
45.022439,7.745514,108.0,30
45.076997,7.74432,109.0,552
45.080894,7.744235,104.0,558
45.084791,7.744149,217.0,614
45.088688,7.744064,243.0,767
45.092585,7.743979,314.0,802
45.096482,7.743893,391.0,682
45.100379,7.743808,433.0,738
45.104275,7.743722,684.0,700
45.108172,7.743637,688.0,529
45.112069,7.743551,104.0,437
45.131554,7.743123,212.0,516
45.135451,7.743038,215.0,313
45.139348,7.742952,138.0,199
45.143245,7.742867,134.0,200
44.977676,7.751246,379.0,280
44.981573,7.751162,379.0,328
44.98547,7.751077,190.0,220
45.012749,7.750484,237.0,41
45.016646,7.750399,286.0,34
45.020543,7.750315,200.0,23
45.086792,7.748871,226.0,592
45.090688,7.748786,226.0,778
45.094585,7.748701,368.0,744
45.098482,7.748615,371.0,648
45.102379,7.74853,624.0,696
45.106276,7.748445,736.0,571
45.110173,7.74836,516.0,419
45.129658,7.747934,190.0,520
45.133555,7.747849,232.0,495
45.137452,7.747763,198.0,381
45.141349,7.747678,142.0,252
45.145246,7.747593,133.0,249
44.975779,7.756043,222.0,269
44.979676,7.755959,379.0,284
44.983573,7.755875,337.0,204
44.98747,7.755791,132.0,132
45.014749,7.7552,286.0,38
45.018646,7.755115,286.0,24
45.088792,7.753592,206.0,594
45.092689,7.753508,277.0,719
45.096586,7.753423,371.0,741
45.100483,7.753338,411.0,669
45.10438,7.753253,735.0,667
45.108277,7.753168,735.0,495
45.112174,7.753084,134.0,319
45.127762,7.752744,151.0,605
45.131659,7.752659,644.0,678
45.135555,7.752574,668.0,523
45.139452,7.752489,439.0,377
45.143349,7.752404,436.0,302
45.147246,7.752319,185.0,226
44.942706,7.761511,298.0,53
44.946603,7.761427,304.0,43
44.9505,7.761344,132.0,41
44.969985,7.760924,116.0,194
44.973882,7.76084,118.0,277
44.977779,7.760756,130.0,222
44.981676,7.760672,124.0,165
45.094689,7.75823,356.0,663
45.098586,7.758145,370.0,739
45.102483,7.758061,608.0,670
45.10638,7.757976,729.0,593
45.110277,7.757892,557.0,449
45.114174,7.757807,115.0,419
45.118071,7.757723,115.0,294
45.121968,7.757638,137.0,397
45.125865,7.757554,137.0,480
45.129762,7.757469,1362.0,557
45.133659,7.757384,1807.0,624
45.137556,7.7573,1558.0,482
45.141453,7.757215,1098.0,447
45.14535,7.75713,1045.0,279
44.940809,7.766305,397.0,54
44.944706,7.766222,500.0,54
44.948603,7.766138,375.0,54
44.9525,7.766055,200.0,54
44.956397,7.765971,183.0,54
44.968088,7.76572,136.0,213
44.971985,7.765637,158.0,266
45.092793,7.763037,169.0,501
45.09669,7.762953,370.0,636
45.100587,7.762868,402.0,714
45.104484,7.762784,729.0,646
45.108381,7.7627,729.0,514
45.112278,7.762616,210.0,392
45.116175,7.762532,115.0,307
45.120071,7.762447,126.0,296
45.123968,7.762363,137.0,340
45.127865,7.762279,375.0,424
45.131762,7.762195,1807.0,541
45.135659,7.76211,1807.0,525
45.139556,7.762026,1168.0,452
45.143453,7.761942,1098.0,322
45.14735,7.761857,483.0,216
44.938911,7.771099,105.0,45
44.942808,7.771015,499.0,54
44.946705,7.770932,499.0,69
44.950602,7.770849,219.0,75
44.9545,7.770766,203.0,67
44.970088,7.770433,169.0,215
44.973985,7.77035,172.0,153
45.040235,7.768931,137.0,299
45.044132,7.768848,154.0,433
45.048029,7.768764,102.0,297
45.094793,7.767759,216.0,446
45.09869,7.767676,224.0,589
45.102587,7.767592,441.0,639
45.106484,7.767508,564.0,641
45.114278,7.76734,183.0,392
45.118175,7.767256,185.0,324
45.129865,7.767004,1053.0,366
45.133762,7.76692,1443.0,435
45.137659,7.766836,1323.0,545
45.141556,7.766752,1083.0,468
45.145453,7.766668,1060.0,281
45.14935,7.766584,322.0,208
45.153247,7.7665,329.0,151
45.192216,7.765659,314.0,102
45.196113,7.765574,560.0,165
45.20001,7.76549,517.0,135
45.203907,7.765406,214.0,86
44.940911,7.775809,175.0,43
44.944808,7.775726,216.0,54
44.948705,7.775643,331.0,87
44.952602,7.77556,511.0,119
44.956499,7.775478,486.0,132
44.960396,7.775395,127.0,122
44.964293,7.775312,128.0,155
44.96819,7.775229,482.0,234
44.972088,7.775146,565.0,165
44.975985,7.775063,326.0,96
45.038337,7.773733,254.0,250
45.042234,7.77365,344.0,404
45.046131,7.773566,344.0,320
45.104586,7.772315,399.0,631
45.108483,7.772232,399.0,660
45.11238,7.772148,271.0,525
45.116277,7.772065,243.0,449
45.120174,7.771981,159.0,331
45.127968,7.771814,196.0,219
45.131865,7.77173,1207.0,270
45.135762,7.771646,1207.0,408
45.139659,7.771563,1090.0,548
45.143556,7.771479,1074.0,418
45.147453,7.771395,748.0,284
45.15135,7.771312,470.0,174
45.155247,7.771228,388.0,123
45.186422,7.770557,118.0,81
45.190319,7.770473,118.0,87
45.194216,7.770389,635.0,117
45.198113,7.770305,647.0,137
45.20201,7.770221,369.0,113
45.205907,7.770138,244.0,84
45.209804,7.770054,175.0,3
44.94291,7.78052,173.0,43
44.946807,7.780437,173.0,57
44.950704,7.780355,519.0,153
44.954602,7.780272,548.0,213
44.958499,7.78019,298.0,207
44.962396,7.780107,137.0,140
44.966293,7.780024,241.0,135
44.97019,7.779942,589.0,177
44.974087,7.779859,589.0,164
45.03644,7.778535,226.0,180
45.040337,7.778452,321.0,315
45.044234,7.778369,344.0,350
45.048131,7.778286,200.0,203
45.102689,7.777122,264.0,473
45.106586,7.777039,399.0,588
45.110483,7.776956,363.0,588
45.11438,7.776873,243.0,586
45.118277,7.776789,242.0,437
45.133865,7.776456,1188.0,278
45.137762,7.776373,1144.0,375
45.141659,7.77629,1063.0,516
45.145556,7.776206,1054.0,425
45.149453,7.776123,451.0,284
45.15335,7.776039,448.0,131
45.157247,7.775956,124.0,0
45.188422,7.775288,104.0,52
45.192319,7.775204,346.0,92
45.196216,7.775121,656.0,126
45.200113,7.775037,616.0,169
45.20401,7.774953,307.0,118
45.207907,7.77487,311.0,87
44.941012,7.785313,103.0,1
44.944909,7.785231,138.0,2
44.948807,7.785149,245.0,167
44.952704,7.785066,428.0,315
44.956601,7.784984,403.0,361
44.960498,7.784902,104.0,254
44.964395,7.78482,102.0,129
44.968292,7.784737,349.0,98
44.972189,7.784655,407.0,135
44.976086,7.784573,245.0,98
45.030645,7.783418,127.0,137
45.034542,7.783336,199.0,190
45.038439,7.783253,202.0,299
45.042336,7.783171,211.0,346
45.046233,7.783088,207.0,213
45.108586,7.781764,125.0,479
45.112483,7.781681,128.0,566
45.11638,7.781598,132.0,549
45.131967,7.781266,275.0,175
45.135864,7.781183,264.0,237
45.139761,7.7811,673.0,340
45.143658,7.781017,747.0,503
45.147555,7.780934,405.0,445
45.194319,7.779935,669.0,87
45.198216,7.779852,697.0,128
45.202113,7.779769,587.0,160
45.206009,7.779686,530.0,135
45.209906,7.779602,390.0,86
45.221597,7.779352,505.0,87
45.032644,7.788137,179.0,251
45.036541,7.788054,179.0,281
45.040438,7.787972,131.0,282
45.044335,7.78789,117.0,198
45.114482,7.786406,116.0,440
45.118379,7.786323,116.0,390
45.133967,7.785992,195.0,174
45.137864,7.78591,337.0,231
45.141761,7.785827,730.0,310
45.145658,7.785744,730.0,456
45.192421,7.78475,300.0,35
45.196318,7.784667,697.0,88
45.200215,7.784584,682.0,112
45.204112,7.784501,530.0,109
45.208009,7.784418,530.0,87
45.211906,7.784335,107.0,66
45.2197,7.784169,261.0,119
45.030746,7.792937,104.0,272
45.034643,7.792855,178.0,236
45.03854,7.792773,166.0,190
45.042437,7.792691,117.0,157
45.112584,7.791213,118.0,323
45.116481,7.791131,132.0,389
45.139863,7.790637,441.0,218
45.14376,7.790554,496.0,289
45.147657,7.790472,273.0,349
45.19442,7.789482,331.0,37
45.198317,7.789399,340.0,77
45.202214,7.789316,285.0,83
45.206111,7.789234,252.0,75
45.210008,7.789151,188.0,3
45.221699,7.788903,318.0,117
44.997671,7.79839,162.0,35
45.001568,7.798308,165.0,35
45.021054,7.797901,158.0,105
45.024951,7.797819,172.0,154
45.028848,7.797737,171.0,236
45.114583,7.795938,190.0,373
45.11848,7.795856,190.0,420
44.995773,7.803187,174.0,42
44.99967,7.803106,210.0,42
45.003567,7.803025,136.0,35
45.019155,7.8027,179.0,106
45.023052,7.802619,197.0,161
45.026949,7.802537,199.0,197
45.030846,7.802456,111.0,140
45.112684,7.800746,150.0,274
45.116581,7.800664,190.0,407
44.997771,7.807903,210.0,42
45.001668,7.807822,210.0,42
45.005565,7.807741,170.0,42
45.013359,7.80758,220.0,68
45.017256,7.807499,250.0,106
45.021153,7.807418,240.0,155
45.025051,7.807337,169.0,147
45.028948,7.807256,166.0,125
45.114683,7.805471,233.0,317
45.11858,7.80539,234.0,364
44.945209,7.813745,101.0,318
44.995872,7.8127,166.0,42
44.999769,7.81262,210.0,42
45.003666,7.812539,541.0,46
45.007563,7.812459,1012.0,51
45.01146,7.812378,978.0,68
45.015357,7.812297,608.0,106
45.019255,7.812217,608.0,145
45.023152,7.812136,131.0,129
45.069917,7.811168,124.0,41
45.073814,7.811087,124.0,18
45.116681,7.810197,268.0,319
45.120578,7.810116,206.0,370
44.94331,7.818537,114.0,260
44.947207,7.818457,114.0,181
44.99787,7.817417,210.0,44
45.001767,7.817336,210.0,48
45.005664,7.817256,967.0,67
45.009561,7.817176,1015.0,95
45.013458,7.817096,757.0,115
45.017355,7.817016,608.0,138
45.021252,7.816935,465.0,106
45.068018,7.815971,106.0,28
45.071915,7.81589,124.0,20
45.114782,7.815004,267.0,195
45.118679,7.814923,267.0,283
45.122576,7.814843,109.0,368
44.99597,7.822213,218.0,44
44.999868,7.822133,287.0,45
45.003765,7.822054,584.0,59
45.007662,7.821974,1066.0,100
45.011559,7.821894,1043.0,107
45.015456,7.821814,701.0,118
45.019353,7.821734,704.0,91
45.120677,7.81965,266.0,257
45.124574,7.81957,756.0,337
45.128471,7.819489,752.0,263
45.132368,7.819409,144.0,156
44.997968,7.82693,386.0,44
45.001865,7.826851,386.0,49
45.005762,7.826771,1067.0,71
45.009659,7.826692,1126.0,93
45.013556,7.826612,928.0,99
45.017454,7.826532,797.0,70
45.021351,7.826453,620.0,51
45.122675,7.824377,714.0,217
45.126572,7.824297,823.0,267
45.130469,7.824217,476.0,270
45.134366,7.824137,155.0,167
45.138263,7.824057,130.0,111
44.996068,7.831727,286.0,44
44.999965,7.831647,386.0,45
45.003862,7.831568,644.0,55
45.00776,7.831489,1126.0,93
45.011657,7.83141,1110.0,57
45.015554,7.83133,797.0,56
45.019451,7.831251,796.0,48
45.023348,7.831172,172.0,42
45.120775,7.829184,209.0,110
45.124672,7.829104,710.0,141
45.128569,7.829025,703.0,172
45.132466,7.828945,152.0,246
45.136363,7.828865,152.0,182
45.175334,7.828066,181.0,265
45.179231,7.827986,326.0,200
44.998065,7.836444,315.0,44
45.001962,7.836365,314.0,53
45.00586,7.836286,412.0,78
45.009757,7.836207,402.0,53
45.013654,7.836128,302.0,46
45.017551,7.836049,230.0,44
45.021448,7.83597,189.0,42
45.122773,7.833911,327.0,71
45.12667,7.833832,388.0,101
45.130567,7.833752,269.0,134
45.134464,7.833673,144.0,184
45.138361,7.833594,127.0,207
45.169537,7.832957,172.0,233
45.173434,7.832878,172.0,301
45.177331,7.832798,652.0,275
45.181228,7.832718,679.0,204
44.961091,7.841946,109.0,30
44.964988,7.841868,115.0,32
44.968885,7.841789,109.0,34
44.972782,7.841711,106.0,33
44.996165,7.84124,208.0,44
45.000062,7.841161,294.0,48
45.003959,7.841083,275.0,60
45.007857,7.841004,233.0,49
45.011754,7.840926,230.0,44
45.015651,7.840847,123.0,42
45.019548,7.840768,123.0,42
45.120873,7.838718,100.0,15
45.12477,7.838639,388.0,66
45.128667,7.83856,388.0,84
45.132564,7.838481,148.0,108
45.136461,7.838402,144.0,146
45.171534,7.837689,172.0,214
45.175431,7.837609,370.0,277
45.179328,7.83753,679.0,246
45.183225,7.837451,628.0,195
44.963087,7.846661,112.0,30
44.966984,7.846583,111.0,32
44.970882,7.846505,101.0,31
44.974779,7.846427,101.0,32
44.998162,7.845957,262.0,44
45.002059,7.845879,258.0,50
45.005956,7.845801,209.0,47
45.009853,7.845723,199.0,42
45.01375,7.845644,146.0,2
45.017648,7.845566,101.0,42
45.122869,7.843446,145.0,17
45.126767,7.843367,170.0,18
45.130664,7.843288,119.0,17
45.142355,7.843052,146.0,131
45.146252,7.842973,149.0,199
45.177428,7.842342,518.0,294
45.181325,7.842263,551.0,233
45.185222,7.842184,214.0,163
45.140454,7.84786,144.0,92
45.144352,7.847781,207.0,135
45.148249,7.847703,173.0,179
45.175528,7.847153,215.0,231
45.179425,7.847074,522.0,282
45.183322,7.846995,494.0,215
45.142451,7.852589,198.0,86
45.146348,7.852511,197.0,112
45.150245,7.852433,105.0,123
45.177525,7.851885,405.0,223
45.181422,7.851807,441.0,250
45.185603,7.880363,441.0,160
45.1895,7.880287,877.0,209
45.197294,7.880134,256.0,111
45.160319,7.88563,100.0,2
45.164216,7.885554,104.0,2
45.187598,7.885098,990.0,175
45.191495,7.885021,1007.0,203
45.185696,7.889908,402.0,167
