lat,lon,kind
45.493165,9.1566918,pharmacy
45.4631277,9.1714179,pharmacy
45.4673146,9.1462773,pharmacy
45.4692748,9.1716393,pharmacy
45.4736023,9.134122,pharmacy
45.4723062,9.1320738,pharmacy
45.5392146,9.2274765,pharmacy
45.4871424,9.1665689,pharmacy
45.4899287,9.1644384,pharmacy
45.487272,9.161664,pharmacy
45.5007908,9.1969951,pharmacy
45.476627,9.2275004,university
45.4588621,9.1367521,pharmacy
45.4573486,9.1359476,pharmacy
45.5610245,9.2285762,supermarket
45.4959347,9.2036128,pharmacy
45.4948834,9.206843,pharmacy
45.4886862,9.1938501,pharmacy
45.5005982,9.1989025,pharmacy
45.5022624,9.1928491,pharmacy
45.4890824,9.1888085,pharmacy
45.4753307,9.2240785,pharmacy
45.5063941,9.198001,pharmacy
45.4879879,9.2418033,supermarket
45.4901442,9.1454007,supermarket
45.5003964,9.4248309,pharmacy
45.5012906,9.4306954,supermarket
45.5063787,9.4294226,supermarket
45.4990074,9.4229708,pharmacy
45.4492503,9.2057481,pharmacy
45.4508025,9.198035,supermarket
45.4489968,9.2028466,pharmacy
45.4510613,9.196581,pharmacy
45.4880185,9.1662268,supermarket
45.4887952,9.1650628,supermarket
45.4701092,9.1401362,pharmacy
45.4736718,9.1400924,pharmacy
45.4623188,9.1488458,supermarket
45.4914738,9.2371776,pharmacy
45.4863993,9.2408081,pharmacy
45.4892543,9.2418982,pharmacy
45.4862235,9.2343628,pharmacy
45.4859522,9.2262255,pharmacy
45.5152587,9.1940764,pharmacy
45.5001143,9.2350329,pharmacy
45.5026259,9.2387881,pharmacy
45.4959312,9.2252782,school
45.4892089,9.2192387,school
45.487047,9.1977011,pharmacy
45.4903622,9.1010367,pharmacy
45.4370222,9.1611937,pharmacy
45.4676994,9.1644493,pharmacy
45.4632787,9.1525194,pharmacy
45.4592238,9.1464763,pharmacy
45.5505413,9.1992021,pharmacy
45.4874588,9.1869698,pharmacy
45.4676117,9.1549326,pharmacy
45.4640671,9.1553131,supermarket
45.459516,9.1545654,pharmacy
45.5019609,9.1647025,pharmacy
45.5004259,9.1653078,supermarket
45.4998068,9.1673344,clinic
45.4388722,9.1626938,school
45.4376552,9.1552351,pharmacy
45.4441385,9.1578971,school
45.4444969,9.1578092,school
45.4405585,9.168998,pharmacy
45.4525222,9.1482316,pharmacy
45.5131734,9.2250893,pharmacy
45.4997816,9.2120587,pharmacy
45.4299896,9.2664527,pharmacy
45.5023385,9.1761108,pharmacy
45.5032088,9.1624836,pharmacy
45.4562458,9.1705708,pharmacy
45.4683645,9.1549991,supermarket
45.460574,9.1573636,pharmacy
45.454726,9.1517926,pharmacy
45.4631508,9.1326029,pharmacy
45.4954632,9.185228,supermarket
45.5144784,9.2077107,pharmacy
45.4544167,9.1712101,pharmacy
45.4522678,9.1858734,pharmacy
45.4675349,9.2062416,pharmacy
45.4676802,9.2100342,pharmacy
45.4675023,9.212546,supermarket
45.4675161,9.213487,pharmacy
45.4691354,9.2149241,pharmacy
45.4682474,9.2224194,supermarket
45.4676961,9.2227017,clinic
45.4674835,9.2234299,pharmacy
45.4741594,9.2184026,supermarket
45.4730318,9.2142721,pharmacy
45.4529486,9.1702611,pharmacy
45.4390473,9.1376124,school
45.4388937,9.1373558,school
45.4403199,9.1408611,school
45.440254,9.140735,school
45.5310952,9.2305058,pharmacy
45.5344492,9.2380382,pharmacy
45.4789657,9.1745128,pharmacy
45.4810928,9.1707797,pharmacy
45.531177,9.2342931,pharmacy
45.4736312,9.230597,pharmacy
45.4822506,9.2403259,pharmacy
45.5257778,9.2081576,pharmacy
45.5502703,9.2350363,school
45.5553623,9.2278556,pharmacy
45.5120915,9.2044026,pharmacy
45.5157608,9.1456692,pharmacy
45.5040853,9.4239655,pharmacy
45.4569428,9.1587002,supermarket
45.4611561,9.186629,university
45.5561565,9.185955,pharmacy
45.537287,9.2226716,pharmacy
45.5458631,9.2274637,pharmacy
45.5161146,9.2029996,pharmacy
45.4511658,9.1507525,pharmacy
45.4540379,9.1486073,pharmacy
45.5029136,9.2107939,school
45.4496681,9.1408467,pharmacy
45.5531921,9.1765761,doctors
45.5518016,9.1879204,doctors
45.5509504,9.1848221,pharmacy
45.5510234,9.1848127,doctors
45.5502133,9.177772,doctors
45.5498959,9.1773735,pharmacy
45.5499453,9.1772677,doctors
45.5515554,9.1880309,pharmacy
45.5564668,9.1917243,supermarket
45.5556118,9.1851914,supermarket
45.5506625,9.1758379,doctors
45.5509329,9.1767344,doctors
45.5522567,9.1863187,doctors
45.4437252,9.1791771,pharmacy
45.5836418,9.2727905,school
45.5454655,9.184555,doctors
45.4056673,9.0373178,pharmacy
45.5463988,9.1817068,doctors
45.5508818,9.1863172,doctors
45.5541549,9.1858675,doctors
45.5481541,9.1830111,doctors
45.5485138,9.1850589,doctors
45.5485197,9.1851285,pharmacy
45.4849193,9.2094923,pharmacy
45.4896545,9.2015409,pharmacy
45.4900947,9.1832224,pharmacy
45.5225744,9.2066697,pharmacy
45.5539478,9.2078282,school
45.5556189,9.2024321,doctors
45.5577614,9.2120685,doctors
45.5588201,9.2021455,supermarket
45.4569487,9.1753324,supermarket
45.521397,9.2742009,pharmacy
45.5295488,9.2793995,supermarket
45.4561416,9.1543799,pharmacy
45.4514054,9.1551454,pharmacy
45.4859685,9.230637,pharmacy
45.4781116,9.184229,pharmacy
45.4587422,9.177235,pharmacy
45.4864898,9.2036876,pharmacy
45.4441346,9.2224387,supermarket
45.4529258,9.2032933,supermarket
45.4500152,9.2063476,pharmacy
45.5471372,9.1149108,pharmacy
45.5136183,9.3243129,supermarket
45.4404783,9.1834123,pharmacy
45.444287,9.1821497,supermarket
45.449755,9.1923789,school
45.4997553,9.2927088,pharmacy
45.4368951,9.1825633,supermarket
45.5789661,9.2309442,school
45.5793446,9.2309185,school
45.5932198,9.2349241,supermarket
45.4985884,9.4230712,pharmacy
45.4968082,9.2951119,pharmacy
45.5959478,9.069739,supermarket
45.5907964,9.0765478,pharmacy
45.5964789,9.0781384,pharmacy
45.6025371,9.0793632,supermarket
45.4844142,9.1600902,pharmacy
45.4821198,9.1672457,pharmacy
45.4840898,9.1637587,pharmacy
45.5094356,9.1318041,pharmacy
45.5103418,9.1296623,school
45.5112551,9.1291746,pharmacy
45.4973801,9.1530683,pharmacy
45.4996672,9.1511649,pharmacy
45.4824458,9.159427,supermarket
45.5127113,9.1263125,supermarket
45.4904228,9.2952206,pharmacy
45.4897273,9.300356,supermarket
45.5799797,9.2971707,pharmacy
45.5707985,9.2841577,pharmacy
45.5743064,9.2827778,pharmacy
45.5448758,9.2539673,pharmacy
45.5778881,9.282494,pharmacy
45.4690765,9.1878001,pharmacy
45.4964848,9.2668713,school
45.3775054,9.2164485,supermarket
45.3700666,9.2128866,supermarket
45.3748864,9.2126704,pharmacy
45.3759571,9.2107238,pharmacy
45.3773922,9.2109088,supermarket
45.4518951,9.1870304,supermarket
45.4510476,9.1924228,pharmacy
45.5708907,9.2447598,pharmacy
45.4472244,9.1793895,pharmacy
45.4490027,9.1800037,supermarket
45.4517265,9.1802119,pharmacy
45.4707724,9.2275206,pharmacy
45.481073,9.208849,pharmacy
45.6119286,9.2534599,pharmacy
45.5021888,9.1147192,supermarket
45.47084,9.2349048,pharmacy
45.4872073,9.1375247,pharmacy
45.5692328,9.1856128,pharmacy
45.4886394,9.1183148,pharmacy
45.4926777,9.1116641,pharmacy
45.4958446,9.1090776,pharmacy
45.4910092,9.1219926,pharmacy
45.5488236,9.1583177,pharmacy
45.5486659,9.1582135,doctors
45.5753227,9.1229838,school
45.496469,9.1146906,pharmacy
45.4964509,9.2984569,doctors
45.4678533,9.140648,pharmacy
45.4825222,9.1437904,pharmacy
45.4862253,9.1423207,pharmacy
45.5814326,9.1546755,pharmacy
45.4726988,9.1201811,pharmacy
45.5458735,9.1614453,supermarket
45.4626069,9.1882702,pharmacy
45.56438,9.16511,pharmacy
45.523236,9.3315125,marketplace
45.5481526,9.1552052,pharmacy
45.5818911,9.1576782,pharmacy
45.5176755,9.3257496,supermarket
45.5032724,9.3241372,supermarket
45.4957177,9.134173,pharmacy
45.4742992,9.1498979,supermarket
45.4743364,9.1601289,pharmacy
45.4699528,9.165619,pharmacy
45.4718956,9.1676381,supermarket
45.4948674,9.1404798,pharmacy
45.4969742,9.140644,school
45.4976081,9.1367504,supermarket
45.5021154,9.1254932,pharmacy
45.6150019,9.2013653,supermarket
45.4764704,9.1717897,pharmacy
45.4766692,9.1707133,pharmacy
45.4797394,9.1731855,school
45.5024782,9.1375955,supermarket
45.4720002,9.1434968,pharmacy
45.4758803,9.1437244,pharmacy
45.4648556,9.1893457,pharmacy
45.4440857,9.182846,pharmacy
45.517521,9.135779,pharmacy
45.5152153,9.142191,pharmacy
45.4707467,9.1842492,supermarket
45.4832473,9.2142925,pharmacy
45.4830092,9.2140742,supermarket
45.4563422,9.0913083,pharmacy
45.4509847,9.0966624,supermarket
45.4590159,9.1055819,pharmacy
45.4609957,9.0919311,pharmacy
45.460219,9.0979494,pharmacy
45.4182558,9.2731079,school
45.4964681,9.0437116,pharmacy
45.4750039,9.1237103,pharmacy
45.510399,9.0867361,pharmacy
45.4979566,9.1040186,pharmacy
45.4944452,9.1250674,pharmacy
45.5548743,9.2973761,pharmacy
45.551207,9.3007931,pharmacy
45.5541029,9.3032222,pharmacy
45.5472387,9.2927908,pharmacy
45.5505065,9.2828322,pharmacy
45.6107234,9.1474578,pharmacy
45.6277767,9.2035301,school
45.62737,9.2052731,school
45.627721,9.2014853,pharmacy
45.5527218,9.2829273,marketplace
45.5765133,9.1623841,pharmacy
45.5728498,9.1471242,pharmacy
45.6172991,9.1999443,pharmacy
45.6233726,9.2127331,supermarket
45.4725058,9.0608007,pharmacy
45.4873556,9.0532696,pharmacy
45.4346036,9.3388437,doctors
45.5247675,9.0435072,pharmacy
45.5590635,9.3010991,doctors
45.6376907,9.2067834,supermarket
45.4940016,9.0395927,supermarket
45.4598281,9.3142981,pharmacy
45.5289423,9.0422883,pharmacy
45.5520032,9.3035653,doctors
45.5464873,9.3029096,pharmacy
45.5427952,9.2945221,pharmacy
45.5500596,9.307826,doctors
45.5493537,9.3019164,doctors
45.5392674,9.4472545,pharmacy
45.5408074,9.4473139,school
45.5418368,9.4466166,school
45.538801,9.4485478,school
45.5456004,9.4553235,supermarket
45.5396388,9.2234755,school
45.5389799,9.224221,school
45.5461696,9.1146561,supermarket
45.5286172,9.2741987,pharmacy
45.5258694,9.2739734,school
45.5306383,9.2783089,school
45.5348432,9.2754025,supermarket
45.4338448,9.1776689,pharmacy
45.5377681,9.2163638,school
45.5391524,9.2172252,school
45.5393027,9.216501,school
45.5411857,9.1014687,pharmacy
45.5969009,9.1529939,pharmacy
45.4555821,9.2182005,supermarket
45.457362,9.2140745,supermarket
45.4574286,9.2220273,pharmacy
45.4557669,9.1228346,supermarket
45.4603979,9.1817998,pharmacy
45.4301179,9.2644078,school
45.4266229,9.2644941,pharmacy
45.4488928,9.1795881,pharmacy
45.5607809,9.2135312,doctors
45.5632568,9.2159992,supermarket
45.4628724,9.1968133,pharmacy
45.4907634,9.2680018,pharmacy
45.4233667,9.2655789,supermarket
45.4236302,9.2652744,pharmacy
45.5976935,9.223488,pharmacy
45.5433498,9.1855967,doctors
45.5434059,9.1858853,doctors
45.5424672,9.1728365,pharmacy
45.5415171,9.1699018,doctors
45.5393976,9.1673888,pharmacy
45.5392493,9.167063,doctors
45.5389589,9.1609744,supermarket
45.4809342,9.2696663,pharmacy
45.5429019,9.1720993,doctors
45.5424785,9.1702831,doctors
45.4612125,9.1200305,pharmacy
45.5551324,9.2022423,pharmacy
45.5388251,9.1651897,doctors
45.5433138,9.1719268,supermarket
45.5438168,9.1712566,school
45.502875,9.2254076,pharmacy
45.4784737,9.2024582,supermarket
45.5044842,9.2224552,supermarket
45.5839391,9.0962675,doctors
45.3572667,9.2227518,pharmacy
45.5892468,9.2013422,pharmacy
45.389679,9.2985827,pharmacy
45.58893,9.1964546,pharmacy
45.6164723,9.2069367,pharmacy
45.539788,9.2869483,supermarket
45.6475101,9.1436893,pharmacy
45.4886386,9.1497214,pharmacy
45.5269163,9.1736883,supermarket
45.5996047,9.1690004,pharmacy
45.4798521,9.2102224,pharmacy
45.4822679,9.2126196,pharmacy
45.4780244,9.1800894,pharmacy
45.5150861,9.1611001,school
45.4475246,9.1557096,pharmacy
45.4950448,9.2196078,pharmacy
45.5973354,9.1240001,pharmacy
45.6177235,9.119554,pharmacy
45.6008084,9.1222811,supermarket
45.5151188,9.2124205,supermarket
45.480789,8.9936377,pharmacy
45.4777922,9.1784892,supermarket
45.4859495,9.0081621,pharmacy
45.4580078,9.0689185,supermarket
45.4629199,9.0768847,marketplace
45.604417,9.2352778,pharmacy
45.5181954,9.208364,pharmacy
45.5316953,9.2307594,supermarket
45.5384418,9.1772928,supermarket
45.3777161,9.1459588,school
45.384878,9.1580837,pharmacy
45.3791905,9.1754131,school
45.4728791,9.2072102,supermarket
45.5383768,9.1883382,supermarket
45.4508574,9.1398797,supermarket
45.4270371,9.1762865,pharmacy
45.4318614,9.1824334,supermarket
45.6140681,9.2122532,school
45.5941834,9.2319227,pharmacy
45.4870683,9.0534491,supermarket
45.5144985,9.3648882,pharmacy
45.5146714,9.3646093,supermarket
45.5798381,9.1508784,supermarket
45.5557494,9.209536,supermarket
45.5415473,9.1891114,pharmacy
45.5386466,9.1904356,pharmacy
45.5404785,9.1866052,pharmacy
45.5354358,9.1932144,pharmacy
45.5362612,9.1869798,pharmacy
45.5402542,9.1963908,pharmacy
45.5323859,9.1963372,pharmacy
45.5286298,9.1892814,pharmacy
45.4986224,9.2362877,supermarket
45.5201786,9.170048,supermarket
45.5122981,9.224153,supermarket
45.4963392,9.2356947,pharmacy
45.4855723,9.1991097,school
45.48557,9.2005708,school
45.5906164,9.2088139,pharmacy
45.4854042,9.1988198,supermarket
45.4845447,9.2156943,pharmacy
45.4320489,9.2441254,pharmacy
45.4357481,9.2406348,pharmacy
45.5758034,9.0668052,supermarket
45.4451009,9.1236387,retail
45.5289458,9.2180977,supermarket
45.4412826,9.1723644,pharmacy
45.4501587,9.2133572,supermarket
45.4782829,9.2085924,supermarket
45.4400704,9.2229674,supermarket
45.490902,9.2332346,supermarket
45.5140598,9.1741569,supermarket
45.5157405,9.1722095,pharmacy
45.4557377,9.2173558,pharmacy
45.4522965,9.220793,pharmacy
45.5171472,9.1708761,pharmacy
45.4625017,9.1935439,pharmacy
45.4633628,9.1987561,pharmacy
45.6069252,9.1315527,pharmacy
45.53277,9.2273734,supermarket
45.5319038,9.2327931,supermarket
45.5338981,9.238578,supermarket
45.5443592,9.2232511,pharmacy
45.4414949,9.2135923,pharmacy
45.5113662,9.2041866,supermarket
45.644013,9.2074365,marketplace
45.4816088,9.1970265,pharmacy
45.4722181,9.1840218,pharmacy
45.4730888,9.195189,pharmacy
45.457331,9.1692977,pharmacy
45.5536618,9.1929695,school
45.4688213,9.1989056,pharmacy
45.4690075,9.1992934,pharmacy
45.3950496,9.2117111,pharmacy
45.5283223,9.1584225,supermarket
45.5280604,9.1610779,school
45.5237871,9.1656628,pharmacy
45.5265876,9.1617537,pharmacy
45.4619906,9.2289756,pharmacy
45.5352797,9.3709764,marketplace
45.4645964,9.2092743,supermarket
45.5642872,9.2167752,pharmacy
45.4626698,9.2102123,supermarket
45.4605052,9.2094385,pharmacy
45.4617433,9.2074193,pharmacy
45.4623849,9.2104889,pharmacy
45.462398,9.2078194,pharmacy
45.4650309,9.2114668,pharmacy
45.4627011,9.1865727,pharmacy
45.463781,9.1867044,pharmacy
45.4811088,9.2297073,school
45.4797729,9.2229989,pharmacy
45.482224,9.2296032,pharmacy
45.4343323,9.20078,pharmacy
45.4612313,9.1729862,supermarket
45.544913,9.0132767,pharmacy
45.5227883,9.1608179,school
45.4606455,9.1745397,pharmacy
45.5774954,9.1539888,marketplace
45.558553,9.170479,pharmacy
45.5614751,9.1731451,supermarket
45.569784,9.1593952,marketplace
45.5688955,9.1642084,supermarket
45.6402071,9.1522917,supermarket
45.5369078,9.3716211,pharmacy
45.5684741,9.1644111,pharmacy
45.5025202,9.2458582,marketplace
45.3593792,9.1577577,pharmacy
45.3494217,9.1643133,pharmacy
45.4352759,9.0874456,supermarket
45.4784755,8.9975321,pharmacy
45.4444758,9.2144425,pharmacy
45.4641471,9.1884189,pharmacy
45.3547787,9.3245145,school
45.4430515,9.1978033,pharmacy
45.4865374,9.2161844,pharmacy
45.4792444,9.2127577,pharmacy
45.4802026,9.2113383,pharmacy
45.6112488,9.2416167,supermarket
45.5744861,9.1808208,supermarket
45.5273609,9.3883879,marketplace
45.5458135,9.4547823,pharmacy
45.4799264,9.2019784,pharmacy
45.4801363,9.1996129,pharmacy
45.4697192,9.1926481,pharmacy
45.4752379,9.1885565,pharmacy
45.4764779,9.2037289,pharmacy
45.4536981,9.1802815,pharmacy
45.5089933,9.3272309,pharmacy
45.5029633,9.3304928,pharmacy
45.5027068,9.1893151,pharmacy
45.4970521,9.1916746,pharmacy
45.5266017,9.1756923,pharmacy
45.4288332,9.1038221,supermarket
45.4908459,9.224527,supermarket
45.4847499,9.2280963,supermarket
45.5188175,9.3915322,marketplace
45.5499745,9.1773013,doctors
45.4671084,9.2065798,supermarket
45.4811706,9.2355247,supermarket
45.4510346,9.2247088,pharmacy
45.4633693,9.087268,pharmacy
45.4841162,9.235093,pharmacy
45.4646779,9.1642679,pharmacy
45.4121725,9.2714751,school
45.5234116,9.0375993,supermarket
45.5015706,9.2215944,pharmacy
45.5038544,9.2217417,pharmacy
45.5353548,9.0411143,pharmacy
45.5514956,9.0761144,pharmacy
45.5466849,9.0860085,pharmacy
45.4634921,9.2076842,pharmacy
45.4560214,9.196191,pharmacy
45.4851903,9.2321472,supermarket
45.4849703,9.2310732,supermarket
45.5502923,9.256646,supermarket
45.4325063,9.0870558,pharmacy
45.4946924,9.1437858,supermarket
45.5243713,9.3656407,supermarket
45.5495291,9.3917131,supermarket
45.4563551,9.1744858,pharmacy
45.4581357,9.1740514,school
45.4948459,9.3746253,pharmacy
45.4654403,9.2075164,pharmacy
45.4708353,9.2069772,pharmacy
45.4608129,9.1843193,pharmacy
45.3922949,9.2138597,school
45.4613145,9.1916478,pharmacy
45.4598807,9.314432,supermarket
45.5146282,9.2116497,pharmacy
45.480983,9.1731818,pharmacy
45.4493289,9.1285817,school
45.5059295,9.4244262,marketplace
45.5567084,9.1931378,school
45.5536213,9.1929848,school
45.4935045,9.1847219,pharmacy
45.4777355,9.1616268,pharmacy
45.4706697,9.2126415,supermarket
45.4752538,9.206106,pharmacy
45.4708965,9.2134057,pharmacy
45.4709391,9.2157684,pharmacy
45.4756863,9.2071426,supermarket
45.4813393,9.1694951,supermarket
45.4969755,9.4301108,marketplace
45.3737106,9.148384,supermarket
45.4877881,9.2192126,supermarket
45.4509909,9.0836783,supermarket
45.4835145,9.1680339,school
45.4568975,9.1873205,pharmacy
45.4367836,9.1916515,supermarket
45.5752616,9.1796933,pharmacy
45.5539975,9.4366696,pharmacy
45.5479087,9.4364089,pharmacy
45.4676975,9.2323004,pharmacy
45.4513764,9.204,pharmacy
45.4812895,9.2296971,school
45.438976,9.095273,doctors
45.4782902,9.2149939,pharmacy
45.4661264,9.1638637,pharmacy
45.5216555,9.3629601,marketplace
45.53482,9.4123966,doctors
45.4743957,9.2086146,supermarket
45.4771276,9.2167665,pharmacy
45.4913598,9.2125797,pharmacy
45.4930194,9.2160432,pharmacy
45.4396401,9.0903127,pharmacy
45.4295366,9.2028363,pharmacy
45.5451779,9.1868062,doctors
45.432237,9.2026589,supermarket
45.5254657,9.2878609,marketplace
45.449481,9.1444642,pharmacy
45.4460549,9.1349658,pharmacy
45.5203251,9.3582035,doctors
45.5149654,9.1426485,supermarket
45.5154568,9.1397985,supermarket
45.4528551,9.1735685,school
45.4782652,9.1471752,pharmacy
45.4132258,9.2676688,pharmacy
45.546582,9.2187255,school
45.5473486,9.2188327,school
45.5271394,8.9902444,supermarket
45.5267239,8.9952278,pharmacy
45.5365196,9.0190606,supermarket
45.4677449,9.1698796,pharmacy
45.454681,9.2019817,school
45.4533526,9.1643452,pharmacy
45.514754,9.2866487,doctors
45.4444982,9.0952627,pharmacy
45.6093548,9.1618318,pharmacy
45.5981467,9.145912,pharmacy
45.4748829,9.2174501,supermarket
45.488093,9.2301171,supermarket
45.4603751,9.1888795,pharmacy
45.4623356,9.2176495,pharmacy
45.5503368,9.1548489,supermarket
45.6088611,9.1308494,supermarket
45.4810081,9.2167889,pharmacy
45.4516515,9.2092942,supermarket
45.4643077,9.2032723,school
45.493275,9.1510251,supermarket
45.490853,9.1465887,pharmacy
45.49114,9.1474591,pharmacy
45.5847934,9.2750068,pharmacy
45.5844612,9.2771025,pharmacy
45.5840527,9.2793193,pharmacy
45.577355,9.2714635,pharmacy
45.5796365,9.2726404,pharmacy
45.5851028,9.2814563,pharmacy
45.5843741,9.2807289,pharmacy
45.5845639,9.2708514,pharmacy
45.5335866,9.407972,supermarket
45.4545561,9.1512909,supermarket
45.5839574,9.2771334,doctors
45.5851445,9.2766032,school
45.4968296,9.2306411,supermarket
45.4675339,9.1943721,school
45.4616435,9.1552734,pharmacy
45.4589948,9.1600849,pharmacy
45.5916542,9.2700061,doctors
45.4677665,9.1760661,pharmacy
45.4785086,9.2089003,pharmacy
45.5642326,9.2650166,pharmacy
45.5612048,9.2569286,pharmacy
45.581273,9.2902096,pharmacy
45.5835891,9.2650924,pharmacy
45.457542,9.2130036,pharmacy
45.457725,9.2131405,supermarket
45.481446,9.1852875,pharmacy
45.5829539,9.2792557,doctors
45.4921114,9.1930404,pharmacy
45.4924321,9.1888657,pharmacy
45.4995989,9.2241088,supermarket
45.5915239,9.2738839,school
45.5878379,9.2850217,supermarket
45.5848329,9.2710451,clinic
45.4558149,9.183626,supermarket
45.5819493,9.2896041,clinic
45.5873054,9.2680685,pharmacy
45.5854007,9.2658091,supermarket
45.4888649,9.1932183,supermarket
45.6510625,9.201046,pharmacy
45.465619,9.2203743,supermarket
45.4480501,9.2124663,supermarket
45.5815625,9.2687254,pharmacy
45.4512515,9.1805929,school
45.4497007,9.2117074,pharmacy
45.4765159,9.1919628,pharmacy
45.4571473,9.1045182,doctors
45.463955,9.1691011,university
45.4670326,9.2303808,pharmacy
45.5801549,9.2700226,school
45.5785104,9.2695318,school
45.5661674,9.2617576,clinic
45.4719418,9.1878197,university
45.4833583,9.2182749,pharmacy
45.4942978,9.1856637,marketplace
45.5734562,9.2685076,pharmacy
45.4860489,9.2003229,supermarket
45.4562363,9.1742916,pharmacy
45.4834466,9.1896223,supermarket
45.4617877,9.1823933,school
45.4564351,9.1867862,school
45.5312111,9.1971875,marketplace
45.4491335,9.1633217,pharmacy
45.5254998,9.1721379,school
45.4978231,9.4315354,marketplace
45.4835836,9.224867,supermarket
45.4818433,9.234163,pharmacy
45.4367981,9.1542119,supermarket
45.4174523,9.2724211,school
45.4183916,9.2739474,school
45.5895672,9.268397,pharmacy
45.4863149,9.3266014,supermarket
45.5741448,9.2836543,supermarket
45.5808855,9.2947207,supermarket
45.4731754,9.1587027,supermarket
45.4660779,9.1507356,pharmacy
45.4661018,9.1504734,supermarket
45.5762299,9.2657584,pharmacy
45.4730513,9.2351853,pharmacy
45.4421552,9.1553251,pharmacy
45.4660854,9.1762733,pharmacy
45.4668625,9.1720033,clinic
45.4852865,9.2163871,supermarket
45.4681956,9.2185021,pharmacy
45.4966178,9.2101135,doctors
45.5398451,9.1725023,doctors
45.4975689,9.1840142,pharmacy
45.4697427,9.1541088,pharmacy
45.451589,9.1746769,pharmacy
45.4637896,9.2304331,pharmacy
45.5178719,9.1693469,school
45.4970886,9.1879532,supermarket
45.4741532,9.2113031,supermarket
45.5310767,9.1416407,pharmacy
45.4695035,9.2299387,supermarket
45.5881354,9.2873584,pharmacy
45.5105777,9.1761232,pharmacy
45.4666469,9.1813829,pharmacy
45.4738367,9.1833271,pharmacy
45.4225229,9.0628783,clinic
45.4730213,9.1515168,pharmacy
45.621267,9.1369006,pharmacy
45.6212635,9.1371216,doctors
45.6207259,9.1511997,pharmacy
45.5729523,9.25233,pharmacy
45.5871187,9.2729127,clinic
45.5901758,9.2626144,clinic
45.458747,9.2421925,doctors
45.4588322,9.2423278,doctors
45.5884296,9.2720798,pharmacy
45.5210284,9.1714152,pharmacy
45.4778779,9.2087628,pharmacy
45.628119,9.2423933,pharmacy
45.438926,9.1497117,pharmacy
45.3548969,9.3379902,supermarket
45.4440821,9.2222329,pharmacy
45.4669792,9.2000028,pharmacy
45.4600804,9.1805971,pharmacy
45.4612062,9.1848031,pharmacy
45.4628872,9.1862916,supermarket
45.4626043,9.1935327,clinic
45.4792529,9.2173918,pharmacy
45.4614855,9.2793383,pharmacy
45.4666558,9.1598508,pharmacy
45.4756512,9.1481143,pharmacy
45.483681,9.1815925,pharmacy
45.4715432,9.2325781,supermarket
45.4708196,9.2322821,pharmacy
45.4727747,9.3067771,supermarket
45.5003548,9.2096376,supermarket
45.4647254,9.1416469,supermarket
45.5367686,9.2219904,supermarket
45.6544544,9.2026786,school
45.4996324,9.1398194,supermarket
45.6431525,9.1994504,school
45.6555756,9.2124906,school
45.4399857,9.1996983,pharmacy
45.4374969,9.2195244,pharmacy
45.4734489,9.2131982,supermarket
45.6513306,9.1446821,school
45.5872724,9.2703573,doctors
45.5072718,9.2531566,pharmacy
45.4487733,9.1971038,pharmacy
45.585196,9.2690638,doctors
45.4857036,9.1960529,doctors
45.5821147,9.2751933,doctors
45.5725687,9.1365747,pharmacy
45.4585677,9.2420452,pharmacy
45.4723427,9.1687947,school
45.4948385,9.147776,supermarket
45.6513581,9.1668878,pharmacy
45.6473972,9.1441119,supermarket
45.4830834,9.1996933,pharmacy
45.4834938,9.2023635,pharmacy
45.4820798,9.1999357,doctors
45.4553583,9.1805087,supermarket
45.5498713,9.2386316,supermarket
45.5703082,9.1916861,supermarket
45.4748699,9.2081143,pharmacy
45.4741306,9.2067465,pharmacy
45.4763323,9.2072074,pharmacy
45.5835635,9.1959642,pharmacy
45.5230143,9.0444367,supermarket
45.5547304,9.2028998,doctors
45.6334605,9.223735,supermarket
45.479449,9.1875565,school
45.5377124,9.2385079,supermarket
45.5369395,9.2372535,pharmacy
45.5350379,9.2402223,pharmacy
45.5034302,9.1764131,supermarket
45.4962332,9.2028361,supermarket
45.4676624,9.1857832,pharmacy
45.4674008,9.1528383,pharmacy
45.4018611,9.2746933,pharmacy
45.3995899,9.2783302,supermarket
45.4616658,9.1807088,school
45.4229656,9.0624902,pharmacy
45.4281375,9.0524169,pharmacy
45.4236801,9.0642712,doctors
45.4212175,9.0580948,school
45.4628809,9.0908564,clinic
45.4457431,9.2483829,pharmacy
45.4455094,9.2429598,pharmacy
45.4888438,9.1836206,supermarket
45.5338018,9.2306316,pharmacy
45.6472658,9.2143523,pharmacy
45.4795209,9.1915343,pharmacy
45.5236698,9.0451127,pharmacy
45.6408226,9.2037511,pharmacy
45.4751477,9.2133143,pharmacy
45.4753866,9.2132593,supermarket
45.6557935,9.1837227,clinic
45.6227573,9.1682286,pharmacy
45.6296477,9.1470823,pharmacy
45.4934854,9.149227,pharmacy
45.4955649,9.1435248,pharmacy
45.3524826,9.204142,doctors
45.3543685,9.2012971,marketplace
45.3527492,9.2001723,school
45.348476,9.1988007,pharmacy
45.3437481,9.1980938,pharmacy
45.3556907,9.2013606,pharmacy
45.4782221,9.19957,doctors
45.4902216,9.1816087,doctors
45.4554252,9.1965773,supermarket
45.5412384,9.1906818,marketplace
45.4938459,9.15085,supermarket
45.4980521,9.1724528,supermarket
45.4932386,9.1849401,supermarket
45.5215957,9.3306634,pharmacy
45.4781147,9.188046,pharmacy
45.5843281,9.2681749,doctors
45.6080201,9.2265372,supermarket
45.4814723,9.177927,supermarket
45.6001308,9.230672,supermarket
45.4630945,9.2353333,supermarket
45.4606731,9.112139,pharmacy
45.503463,9.2976282,school
45.502698,9.1926535,supermarket
45.524639,9.3880485,pharmacy
45.4650356,9.1775372,pharmacy
45.4830344,9.1889627,clinic
45.4615428,9.2441085,pharmacy
45.5978354,9.2234277,doctors
45.5966836,9.2285799,doctors
45.5936865,9.2316786,doctors
45.5931767,9.227667,doctors
45.5802563,9.2294915,pharmacy
45.590301,9.2669484,doctors
45.5175596,9.0717319,pharmacy
45.6120822,9.2100936,pharmacy
45.4850263,9.2086402,doctors
45.5030145,9.211312,pharmacy
45.4187611,9.1746114,pharmacy
45.4308768,9.2446101,supermarket
45.5948413,9.1992276,pharmacy
45.4563364,9.2430066,pharmacy
45.5658456,9.2656684,supermarket
45.638089,9.2021815,supermarket
45.6275183,9.137864,supermarket
45.5392779,9.2362251,doctors
45.4839909,9.2052604,supermarket
45.4823362,9.2027383,supermarket
45.4822466,9.2066772,pharmacy
45.4818219,9.2044136,clinic
45.4724913,9.2234357,pharmacy
45.4878166,9.2121188,pharmacy
45.5643204,9.2712177,school
45.5229498,9.3212615,marketplace
45.4726209,9.2266236,marketplace
45.4111135,9.2726266,pharmacy
45.5008141,9.199689,doctors
45.5639793,9.2119438,pharmacy
45.5262046,9.1777331,marketplace
45.4092887,9.1318568,clinic
45.5789044,9.2964952,supermarket
45.4515839,9.1257124,pharmacy
45.4198923,9.1208726,pharmacy
45.4553308,9.1910697,clinic
45.4574738,9.1934108,pharmacy
45.4569737,9.1940924,pharmacy
45.4004257,9.2318764,pharmacy
45.4549153,9.1239504,pharmacy
45.4370982,9.1958744,pharmacy
45.392176,9.1773178,pharmacy
45.3914826,9.1781174,supermarket
45.5493108,9.3881499,marketplace
45.5788725,9.2567975,pharmacy
45.4896939,9.2052676,pharmacy
45.4889596,9.2044414,supermarket
45.442047,9.2173833,college
45.4154641,9.1166371,supermarket
45.4367355,9.215984,pharmacy
45.5036352,9.2694867,supermarket
45.6288497,9.1648616,supermarket
45.4370059,9.178064,pharmacy
45.4370286,9.1851494,supermarket
45.5447706,9.0036231,pharmacy
45.403959,9.1314678,pharmacy
45.4075067,9.1299818,clinic
45.5638981,9.0557507,supermarket
45.5403465,9.2334101,pharmacy
45.4519958,9.1414656,pharmacy
45.4514552,9.1505993,supermarket
45.4503882,9.1373325,pharmacy
45.5271996,9.0469232,supermarket
45.4657193,9.180997,pharmacy
45.5441763,9.237503,pharmacy
45.5935063,9.1912971,supermarket
45.6419018,9.1477802,pharmacy
45.4871628,9.1719943,clinic
45.4873367,9.1708208,supermarket
45.6009677,9.1438152,supermarket
45.6103154,9.2389373,pharmacy
45.6079145,9.2355741,pharmacy
45.4569108,9.2076344,supermarket
45.4544668,9.2243583,supermarket
45.4508179,9.1943193,supermarket
45.4443702,9.1629456,retail
45.4556432,9.2107782,supermarket
45.5362636,9.2318055,pharmacy
45.5570192,9.1609275,school
45.4800208,9.1823085,supermarket
45.479794,9.1822437,supermarket
45.4246162,9.0667487,supermarket
45.4224996,9.0659339,doctors
45.482805,9.2166468,school
45.4191292,9.0701192,pharmacy
45.4178351,9.0731505,pharmacy
45.4975908,9.2022345,doctors
45.55255,9.2110836,pharmacy
45.4684984,9.1775468,pharmacy
45.4686436,9.1777802,doctors
45.4189553,9.0539699,pharmacy
45.4858349,9.2151382,clinic
45.4283545,9.0616484,clinic
45.5343089,9.2349974,pharmacy
45.5088355,9.2274323,supermarket
45.4679446,9.129213,pharmacy
45.4673419,9.1345405,pharmacy
45.4897681,9.2141033,supermarket
45.4725876,9.1257372,school
45.4865842,8.9910502,supermarket
45.4852604,8.9903394,supermarket
45.5081789,9.2236987,pharmacy
45.4471198,9.1272561,pharmacy
45.6101292,9.2387423,doctors
45.6090819,9.2419417,pharmacy
45.4641319,9.1797395,supermarket
45.4566414,9.172197,marketplace
45.5105711,9.0017166,supermarket
45.5083801,9.3273836,marketplace
45.5168818,9.2092146,clinic
45.5881414,9.2028079,school
45.4044307,9.0331919,supermarket
45.4850988,9.0059093,supermarket
45.5014538,9.1898319,supermarket
45.4883164,9.2177613,supermarket
45.4660563,9.1459374,supermarket
45.6108463,9.2400245,pharmacy
45.5420871,9.230179,pharmacy
45.4074958,9.0439531,doctors
45.4676465,9.2265891,supermarket
45.4064293,9.0364993,pharmacy
45.4683425,9.2138433,supermarket
45.4073698,9.0428185,pharmacy
45.4679096,9.1728633,supermarket
45.4916153,9.1895848,supermarket
45.4660989,9.1661892,pharmacy
45.4736847,9.1856769,university
45.5299414,9.2288605,school
45.4406901,9.0423164,supermarket
45.4131648,9.2755432,pharmacy
45.6478407,9.2008051,clinic
45.4566812,9.1678337,supermarket
45.483356,9.2063784,school
45.4672444,9.1772508,school
45.4503696,9.1526614,school
45.4457883,9.0334873,pharmacy
45.4471414,9.0348969,pharmacy
45.4554993,9.0335787,clinic
45.4478664,9.0349746,school
45.4475549,9.035427,school
45.4457666,9.0333213,school
45.5473563,9.1870784,pharmacy
45.5464935,9.2424809,pharmacy
45.4368593,9.0974214,school
45.4377288,9.0967991,school
45.6469302,9.1422341,doctors
45.4493106,9.1689782,school
45.5168524,9.2261731,clinic
45.5432669,9.231889,pharmacy
45.6216895,9.1457618,pharmacy
45.5448897,9.2322833,pharmacy
45.5349588,9.404471,marketplace
45.4837929,9.1705518,pharmacy
45.4843273,9.1680962,school
45.5219834,9.2144535,supermarket
45.4558258,9.1652054,supermarket
45.4655662,9.1682914,supermarket
45.4353649,9.1137746,pharmacy
45.4564821,9.1617161,school
45.4666651,9.1700592,school
45.4196954,9.2759021,school
45.4392849,9.2260477,pharmacy
45.5326862,9.2275078,pharmacy
45.5360677,9.2284528,pharmacy
45.4479977,9.210291,supermarket
45.5235533,9.4008787,supermarket
45.47577,9.1351311,school
45.4763731,9.1838153,pharmacy
45.4216422,9.0615402,school
45.6457564,9.1438316,school
45.6366614,9.2086915,school
45.6036069,9.1628786,supermarket
45.4315499,9.2438375,doctors
45.5834853,9.2010814,supermarket
45.5030218,9.1703916,pharmacy
45.4736807,9.1880716,school
45.518592,9.2255539,pharmacy
45.4406795,9.0972903,pharmacy
45.5984053,9.155119,clinic
45.4625714,9.1804539,school
45.4618473,9.1800092,school
45.5144217,9.2070661,doctors
45.4423823,9.0982491,doctors
45.4472472,9.093631,pharmacy
45.4480507,9.0949213,clinic
45.44754,9.0927584,school
45.4473046,9.088202,pharmacy
45.5283252,9.1610649,doctors
45.5044495,9.3304346,supermarket
45.4163609,9.2620527,doctors
45.4595155,9.2067362,pharmacy
45.4977945,9.1912918,clinic
45.5175313,9.2441936,pharmacy
45.5011368,9.1404747,school
45.5015188,9.13967,school
45.4933469,9.2069101,supermarket
45.4673297,9.2040048,clinic
45.4978196,9.1953018,clinic
45.6498984,9.2057195,pharmacy
45.6482807,9.2046482,pharmacy
45.4556085,9.1894171,clinic
45.3945089,9.1696019,supermarket
45.4344527,9.2238967,pharmacy
45.4234419,9.2945302,supermarket
45.5083453,9.4122206,supermarket
45.650225,9.2035031,pharmacy
45.4720018,9.2234668,supermarket
45.6227903,9.228528,pharmacy
45.5290499,9.042103,pharmacy
45.5245345,9.2280355,pharmacy
45.5307467,9.1301142,pharmacy
45.4769706,9.2095993,doctors
45.5076822,9.2368189,pharmacy
45.6466658,9.2047968,doctors
45.5633892,9.0527135,pharmacy
45.4770455,9.2071318,pharmacy
45.4778584,9.1768542,pharmacy
45.4777276,9.175652,marketplace
45.4543562,9.1331275,pharmacy
45.3960291,9.2817398,pharmacy
45.5482328,9.2270911,pharmacy
45.5503192,9.2358474,pharmacy
45.5537749,9.2185146,pharmacy
45.5520983,9.2224695,pharmacy
45.5565088,9.2245942,pharmacy
45.5675594,9.2059502,pharmacy
45.5563379,9.213164,pharmacy
45.5554092,9.2076749,pharmacy
45.5633081,9.1607872,pharmacy
45.5774176,9.2527494,pharmacy
45.5929284,9.2266099,pharmacy
45.590492,9.2156164,pharmacy
45.6066185,9.2455074,pharmacy
45.6125852,9.2389186,pharmacy
45.6084105,9.2039871,pharmacy
45.6224624,9.2082929,pharmacy
45.5354315,9.392109,supermarket
45.5284504,9.3938914,supermarket
45.5310504,9.4064117,pharmacy
45.640001,9.1921758,clinic
45.5192799,9.1354539,pharmacy
45.5101388,9.0020882,pharmacy
45.6035081,9.2195462,supermarket
45.6044829,9.2189142,supermarket
45.6045499,9.2191871,supermarket
45.5703089,9.2652389,pharmacy
45.4516883,9.1524002,supermarket
45.49092,9.1468164,clinic
45.4890375,9.1996231,school
45.4708958,9.1841803,pharmacy
45.4962229,9.2203813,supermarket
45.6171695,9.1933423,clinic
45.4638513,9.1728071,clinic
45.4797819,9.1728108,supermarket
45.4658882,9.1862132,pharmacy
45.529097,9.044044,doctors
45.5253726,9.0451008,doctors
45.461301,9.2115562,supermarket
45.480905,9.173543,doctors
45.5049278,9.2270909,school
45.4587186,9.1706335,doctors
45.5865804,9.1929013,supermarket
45.4621703,9.2036262,pharmacy
45.5376979,9.3705069,school
45.4598334,9.1703473,school
45.4561509,9.1563342,supermarket
45.5990721,9.1323844,supermarket
45.4886978,9.0273533,pharmacy
45.5088417,9.0917701,supermarket
45.4598923,9.1800446,supermarket
45.4911995,9.2213541,university
45.493123,9.21857,pharmacy
45.536152,9.3734748,doctors
45.5344691,9.3759342,doctors
45.6480352,9.1421871,doctors
45.6204198,9.2306748,school
45.4804515,9.2050312,school
45.4837954,9.2079444,pharmacy
45.47245,9.188196,pharmacy
45.4678278,9.1292752,doctors
45.6276762,9.1441995,pharmacy
45.4496569,9.2215371,pharmacy
45.6511621,9.2050543,supermarket
45.6520977,9.2045689,pharmacy
45.4532357,9.0834344,pharmacy
45.4532016,9.0827267,supermarket
45.4541144,9.0790931,pharmacy
45.4963674,9.0281435,supermarket
45.486,9.2030972,supermarket
45.5266091,9.227837,doctors
45.526517,9.2284378,pharmacy
45.517188,9.1432198,pharmacy
45.5353406,9.3419328,supermarket
45.4635893,9.1871859,supermarket
45.5052514,9.3334324,doctors
45.4848659,9.0182972,marketplace
45.5012337,9.3348867,school
45.5012224,9.3340364,school
45.45733,9.2071482,supermarket
45.4559583,9.1835787,doctors
45.5325759,9.2236716,school
45.5342161,9.2230211,marketplace
45.5284149,9.2766586,doctors
45.5261656,9.2768222,supermarket
45.5293018,9.2792121,pharmacy
45.4587737,9.3155526,school
45.4590387,9.3151292,school
45.5228777,9.3280387,doctors
45.4961087,9.3776867,marketplace
45.5032832,9.369973,pharmacy
45.5966548,9.0704624,pharmacy
45.5846359,9.1618728,clinic
45.4999816,9.322255,supermarket
45.4908893,9.2179182,pharmacy
45.4791178,9.0617159,supermarket
45.3999412,9.2812704,pharmacy
45.533049,9.3364957,supermarket
45.4613705,9.1808202,supermarket
45.4363411,9.2225485,supermarket
45.4338263,9.238164,pharmacy
45.4889043,9.3328549,supermarket
45.5167367,9.2261619,clinic
45.4800686,9.2077606,supermarket
45.4811514,9.2249727,pharmacy
45.4844822,9.2198972,supermarket
45.4503272,9.1682724,marketplace
45.4769304,9.2007101,pharmacy
45.4885453,9.2216408,supermarket
45.4899635,9.2232682,pharmacy
45.5307736,9.1311903,supermarket
45.4451055,9.1442537,doctors
45.4418696,9.1447279,school
45.4864548,9.0027225,marketplace
45.4553488,9.1968065,doctors
45.5310567,9.2884281,school
45.6015984,9.1446791,supermarket
45.6052179,9.1417769,supermarket
45.4870358,9.0155744,pharmacy
45.4587898,9.1553556,clinic
45.4679324,9.1749946,clinic
45.529201,9.0395203,school
45.5278986,9.2897049,school
45.4797475,9.2150053,supermarket
45.4802534,9.2135489,pharmacy
45.4661223,9.2065055,school
45.4812833,9.1762075,pharmacy
45.4799924,9.1767502,school
45.4800728,9.1766256,school
45.5330028,9.0348494,pharmacy
45.5546295,9.0286073,pharmacy
45.4251622,9.1059738,pharmacy
45.5344182,9.0330949,clinic
45.5510094,9.178763,supermarket
45.4384099,9.183579,pharmacy
45.5835824,9.1925588,marketplace
45.4861586,9.1676563,hospital
45.4850165,9.2253113,hospital
45.4900281,9.2337607,pharmacy
45.4592388,9.1961176,hospital
45.4335515,9.1611166,hospital
45.5170388,9.2276327,supermarket
45.5526911,9.2592327,pharmacy
45.5567651,9.2607162,doctors
45.5606497,9.2634394,pharmacy
45.514902,9.2256326,supermarket
45.4896437,9.0308956,supermarket
45.6388922,9.2052181,supermarket
45.5017793,9.1649738,supermarket
45.4729955,9.3067218,pharmacy
45.4737592,9.3069015,pharmacy
45.3634086,9.3270911,supermarket
45.5207093,9.3310674,marketplace
45.4092036,9.269559,supermarket
45.4088776,9.2686265,pharmacy
45.4620121,9.2234863,pharmacy
45.5196535,9.0786576,pharmacy
45.4680448,9.1580226,clinic
45.4621739,9.1539257,doctors
45.4253557,9.204504,pharmacy
45.5317678,9.0721439,pharmacy
45.4907215,9.0337622,supermarket
45.5355595,9.3419007,pharmacy
45.4570167,9.1613827,pharmacy
45.4037851,9.1526424,pharmacy
45.5540697,9.4366263,doctors
45.4728722,9.2175228,school
45.4193667,9.2600031,pharmacy
45.4606561,9.2070329,doctors
45.3793663,9.1690713,supermarket
45.6557246,9.2110613,pharmacy
45.5372292,9.1918867,doctors
45.4287005,9.3081466,pharmacy
45.4413351,9.1404781,pharmacy
45.5975033,9.0566226,supermarket
45.5967395,9.0576901,pharmacy
45.5295754,9.3287597,pharmacy
45.5284952,9.3379193,pharmacy
45.525129,9.3310368,supermarket
45.5249658,9.3310077,pharmacy
45.5247926,9.3302435,supermarket
45.5247665,9.3312247,supermarket
45.5240411,9.3305955,pharmacy
45.523991,9.3305017,clinic
45.5969645,9.1575714,clinic
45.4655426,9.1851873,pharmacy
45.6513951,9.1682558,doctors
45.4878332,9.1890331,marketplace
45.3623106,9.1610106,school
45.375103,9.1687483,pharmacy
45.4445823,9.1216666,supermarket
45.4032876,9.1533612,supermarket
45.4486922,9.1866297,supermarket
45.4784476,9.2097259,supermarket
45.4723673,9.1440801,supermarket
45.5283646,9.3579626,pharmacy
45.6015932,9.1788733,school
45.6019732,9.1797079,school
45.6001039,9.171206,clinic
45.4313738,9.1628697,pharmacy
45.5956392,9.1768462,pharmacy
45.5183005,9.3546577,supermarket
45.5992418,9.1574626,supermarket
45.3596016,9.1567857,supermarket
45.505105,9.3390696,supermarket
45.4621268,9.2061147,supermarket
45.4827982,9.3272933,marketplace
45.640374,9.1920457,pharmacy
45.5440391,9.4407376,supermarket
45.5489058,9.0699503,pharmacy
45.5515904,9.4320017,marketplace
45.4197222,9.2573885,clinic
45.4821641,9.1729376,supermarket
45.4549442,9.1549764,supermarket
45.447372,9.1752447,pharmacy
45.4009908,9.2897523,pharmacy
45.5145743,9.2741302,pharmacy
45.471853,9.1672908,pharmacy
45.4837559,8.9771109,supermarket
45.4714002,9.1416662,supermarket
45.4771099,8.9932206,school
45.4661374,9.1615623,clinic
45.46559,9.1616321,supermarket
45.4604019,9.2099115,supermarket
45.5771062,9.2720543,school
45.4524968,9.1965678,school
45.506156,9.1747042,supermarket
45.4160274,9.1228574,supermarket
45.4492362,9.2182463,supermarket
45.497171,9.1128695,supermarket
45.3677286,9.2087733,supermarket
45.3680215,9.2086756,supermarket
45.444632,9.2943522,pharmacy
45.4445802,9.128641,pharmacy
45.5190089,9.279075,pharmacy
45.4611597,9.1894037,clinic
45.4592355,9.170361,clinic
45.4753188,9.1913308,clinic
45.5973903,9.1421881,pharmacy
45.5887315,9.1380423,pharmacy
45.5908014,9.1407925,pharmacy
45.6018175,9.1223428,pharmacy
45.589029,9.1189452,pharmacy
45.6115479,9.1376026,pharmacy
45.612648,9.1411674,pharmacy
45.6004702,9.1462362,pharmacy
45.5727752,9.1668388,pharmacy
45.590891,9.1891562,pharmacy
45.6311868,9.1383719,pharmacy
45.6308135,9.173466,pharmacy
45.639902,9.1851081,pharmacy
45.6351261,9.1627539,pharmacy
45.6333019,9.126361,pharmacy
45.6195146,9.1893808,pharmacy
45.5638886,9.1624599,clinic
45.4794383,9.2455543,pharmacy
45.489373,9.0639113,pharmacy
45.6008794,9.1674195,pharmacy
45.5137026,9.324248,pharmacy
45.5123778,9.1733676,pharmacy
45.4779208,9.2472579,pharmacy
45.5635571,9.056097,pharmacy
45.4902409,9.1449794,pharmacy
45.4919152,9.3746703,doctors
45.4919616,9.3725288,doctors
45.4960153,9.3741971,doctors
45.4970701,9.3797869,doctors
45.4956243,9.3773273,doctors
45.4959841,9.375111,doctors
45.5004176,9.3865894,supermarket
45.4949256,9.3748692,supermarket
45.4924838,9.3740849,doctors
45.4919453,9.3746693,pharmacy
45.5307969,9.0280457,supermarket
45.5183398,9.1920854,pharmacy
45.5023434,9.268127,pharmacy
45.5525225,9.2234061,supermarket
45.5933258,9.2323893,doctors
45.5933221,9.2324084,doctors
45.5959151,9.2318323,doctors
45.5327542,9.140047,doctors
45.5324411,9.1403273,doctors
45.5337677,9.1329988,doctors
45.5316613,9.1348207,doctors
45.5319065,9.1371636,clinic
45.5234647,9.2466747,pharmacy
45.6036318,9.2307362,supermarket
45.4437636,9.1783711,supermarket
45.4845028,9.1570992,supermarket
45.4834463,9.1563509,pharmacy
45.4517729,9.1537474,supermarket
45.5160224,9.1280109,pharmacy
45.4583321,9.1880545,supermarket
45.652211,9.1946559,pharmacy
45.5476304,9.1391498,school
45.5482502,9.1389459,school
45.5108152,9.3020096,pharmacy
45.5348828,9.4123312,doctors
45.5764979,9.2653159,pharmacy
45.3820585,9.3038414,pharmacy
45.3965487,9.2827613,pharmacy
45.5313056,9.1364252,pharmacy
45.5315826,9.1378477,doctors
45.5379618,9.1317318,pharmacy
45.5219235,9.3306068,doctors
45.5228275,9.3262221,pharmacy
45.5365677,9.3714267,doctors
45.535681,9.3720454,doctors
45.5479801,9.4363636,doctors
45.4399489,9.2413535,supermarket
45.624362,9.1403971,clinic
45.3578297,9.3246161,pharmacy
45.5139448,9.363196,marketplace
45.4854452,9.184004,school
45.4606535,9.2026488,clinic
45.4833461,9.2361179,supermarket
45.4952768,9.3762271,supermarket
45.4521338,9.183837,supermarket
45.4249096,9.2589775,clinic
45.4603257,9.1705332,doctors
45.5020631,9.1823962,pharmacy
45.4879849,9.32682,marketplace
45.4851679,9.1846062,clinic
45.5351706,9.1267474,doctors
45.3795833,9.3067065,supermarket
45.4957823,9.2074487,doctors
45.5200469,9.1699713,supermarket
45.5252054,9.1673207,pharmacy
45.5434705,9.1230337,clinic
45.5314408,9.1362218,supermarket
45.4960836,9.1702657,clinic
45.5096562,9.2472892,pharmacy
45.5384213,9.426459,supermarket
45.507321,9.2445222,pharmacy
45.496795,9.1841492,doctors
45.4967778,9.1841418,doctors
45.5488472,9.0476916,pharmacy
45.5488017,9.0471967,supermarket
45.5485393,9.0455595,doctors
45.5290616,9.0460298,pharmacy
45.5253166,9.0384402,school
45.4837103,9.1767649,clinic
45.4407609,9.1788458,supermarket
45.5109256,9.2804796,supermarket
45.6025599,9.1238558,supermarket
45.4194448,9.2598559,doctors
45.5552584,9.0729243,pharmacy
45.4567207,9.175003,pharmacy
45.4951853,9.2169808,supermarket
45.4638217,9.2076527,clinic
45.4898605,9.2168435,supermarket
45.4566103,9.1807279,pharmacy
45.4903136,9.2177173,supermarket
45.49059,9.2177996,supermarket
45.5147983,9.3314759,pharmacy
45.506362,9.3331581,pharmacy
45.5054496,9.3349112,pharmacy
45.5312602,9.1366489,doctors
45.5462305,9.1420171,pharmacy
45.467121,9.2145283,supermarket
45.505416,9.2334598,pharmacy
45.4843439,9.2301476,clinic
45.4249455,9.0664658,clinic
45.4983261,9.2329912,pharmacy
45.5360788,9.0375194,supermarket
45.5346242,9.1356534,doctors
45.5279796,9.2149923,supermarket
45.4926126,9.1919552,supermarket
45.4995991,9.178902,pharmacy
45.4852531,9.2074111,doctors
45.5791242,9.1378705,pharmacy
45.4452675,9.2715689,pharmacy
45.465633,9.1974739,pharmacy
45.5486977,9.0785418,supermarket
45.4966315,9.2303741,pharmacy
45.5234975,9.2738418,pharmacy
45.5104671,9.206014,supermarket
45.4870901,9.2423229,supermarket
45.5481936,9.1224776,pharmacy
45.4408929,9.150741,clinic
45.60155,9.1231689,doctors
45.3948272,9.2448047,pharmacy
45.4443458,9.1672198,pharmacy
45.4967221,9.1212159,pharmacy
45.4942105,9.1256479,clinic
45.4926187,9.1117962,doctors
45.4489852,9.1769565,supermarket
45.5761372,9.1244811,marketplace
45.4612326,9.1494162,supermarket
45.4621411,9.1492993,clinic
45.6101805,9.1250162,hospital
45.4236846,9.2946882,pharmacy
45.5558589,9.0746721,pharmacy
45.5527725,9.0801174,pharmacy
45.5799771,9.2478191,supermarket
45.5685135,9.0745131,school
45.5745073,9.0774628,school
45.57558,9.0769417,school
45.5779147,9.0779342,school
45.5737918,9.0601449,school
45.5706576,9.0832133,pharmacy
45.5634906,9.0813565,pharmacy
45.579384,9.0803632,pharmacy
45.575163,9.079442,pharmacy
45.5528507,9.0772808,doctors
45.4777171,9.2150219,supermarket
45.4562011,9.1722844,school
45.6011568,9.1224616,clinic
45.442676,9.1393885,clinic
45.4910662,9.2337594,college
45.5155678,9.2867496,marketplace
45.4408265,9.1103807,pharmacy
45.5231966,9.0443728,clinic
45.4488189,9.1323192,supermarket
45.6446039,9.1385857,doctors
45.4641968,9.219135,clinic
45.5898446,9.1402213,doctors
45.5561864,9.0744194,supermarket
45.5556376,9.0743114,doctors
45.5556114,9.0742842,doctors
45.4318102,9.1537001,pharmacy
45.5347812,9.2262686,pharmacy
45.5383069,9.1238456,school
45.5385785,9.1254586,school
45.5753925,9.066025,doctors
45.509195,9.33708,supermarket
45.4820496,9.1812783,pharmacy
45.4551511,9.1726917,pharmacy
45.4999978,9.16801,pharmacy
45.4869012,9.1565274,pharmacy
45.4570164,9.2050605,pharmacy
45.452652,9.2290155,pharmacy
45.5158676,9.1910334,pharmacy
45.5041363,9.1004422,pharmacy
45.4070711,9.1740909,pharmacy
45.435545,9.1837653,pharmacy
45.476684,9.0885644,pharmacy
45.453899,9.2075631,pharmacy
45.4741085,9.1094429,pharmacy
45.5089543,9.1964435,pharmacy
45.4945253,9.1535855,pharmacy
45.4113283,9.1726946,pharmacy
45.4882563,9.2300809,pharmacy
45.4270961,9.1703671,pharmacy
45.4541014,9.2191317,pharmacy
45.4531038,9.2005131,pharmacy
45.4583338,9.1809142,pharmacy
45.4711546,9.1087779,pharmacy
45.5131038,9.1369588,pharmacy
45.4930898,9.0734937,pharmacy
45.4586928,9.164094,pharmacy
45.4914641,9.2057957,pharmacy
45.4888904,9.225129,pharmacy
45.4742709,9.2174464,pharmacy
45.4640328,9.221356,pharmacy
45.4887127,9.2369439,pharmacy
45.5248996,9.1744752,pharmacy
45.4643643,9.2279591,pharmacy
45.4884078,9.1677213,pharmacy
45.4929602,9.2259217,pharmacy
45.4720725,9.2072505,pharmacy
45.5160898,9.1554396,pharmacy
45.4629042,9.1276612,pharmacy
45.4461732,9.1953612,pharmacy
45.4580587,9.2170694,pharmacy
45.4408766,9.1293695,pharmacy
45.4409567,9.178871,pharmacy
45.4990328,9.1114358,pharmacy
45.4652804,9.1435932,pharmacy
45.4598494,9.1650751,pharmacy
45.4308667,9.1796338,pharmacy
45.4380767,9.2238105,pharmacy
45.4637034,9.139323,pharmacy
45.4861419,9.2227433,pharmacy
45.4358884,9.1731141,pharmacy
45.5041237,9.1375291,pharmacy
45.4719675,9.1382153,pharmacy
45.4425833,9.2633363,pharmacy
45.5067025,9.1934372,pharmacy
45.4183028,9.1779708,pharmacy
45.4446943,9.2441677,pharmacy
45.4158647,9.2403993,pharmacy
45.4370375,9.1640434,clinic
45.5257735,9.1203599,school
45.5469094,9.3919064,supermarket
45.5933061,9.1921472,pharmacy
45.4690181,9.1330066,pharmacy
45.4578715,9.1218633,pharmacy
45.5406385,9.0862557,pharmacy
45.528921,9.0589735,supermarket
45.5563452,9.0758082,doctors
45.6015843,9.1787587,school
45.5429699,9.0999608,clinic
45.5010513,9.0262338,marketplace
45.3920202,9.1740778,clinic
45.4855086,9.054352,school
45.4792167,9.0544456,pharmacy
45.5778571,9.0648657,supermarket
45.578568,9.0689253,school
45.5491673,9.0783984,pharmacy
45.5367953,9.0320324,school
45.5416952,9.1149172,supermarket
45.5419003,9.1150131,doctors
45.4656157,9.1529395,school
45.4828352,9.2131586,supermarket
45.5470757,9.1655583,school
45.515856,9.1550294,supermarket
45.5421458,9.1271691,supermarket
45.5259146,9.1179734,marketplace
45.5265431,9.1165551,pharmacy
45.5149965,9.1387375,marketplace
45.5205921,9.135107,school
45.5144765,9.1308158,school
45.5145705,9.1292018,school
45.5211623,9.142526,school
45.5210738,9.1418605,school
45.514725,9.1613235,school
45.5100828,9.1796377,school
45.5446709,9.1174603,pharmacy
45.5452743,9.114104,marketplace
45.3495097,9.322381,pharmacy
45.5120739,9.1456688,school
45.4263768,9.2511449,supermarket
45.5374854,8.9940406,pharmacy
45.6525143,9.2056809,school
45.5961141,9.0747119,marketplace
45.6520177,9.2071085,doctors
45.5265696,9.2719144,pharmacy
45.5044205,9.2650917,pharmacy
45.5121512,9.336862,supermarket
45.4667614,9.1583338,clinic
45.5777833,9.2812857,college
45.5786948,9.228143,supermarket
45.5122832,9.2266633,doctors
45.4444262,9.166319,supermarket
45.5947052,9.1709132,supermarket
45.4669378,9.141533,clinic
45.4627665,9.1971346,supermarket
45.414325,9.1258158,school
45.467545,9.2156484,supermarket
45.573067,9.059572,pharmacy
45.5267807,9.111967,pharmacy
45.4190234,9.0689365,school
45.4184898,9.0693883,school
45.5858817,9.0787312,pharmacy
45.5877595,9.2028821,school
45.5788175,9.1215823,pharmacy
45.6047716,9.1987246,pharmacy
45.5294832,9.0394432,school
45.5182588,9.0643974,supermarket
45.4677349,9.1758426,doctors
45.5948391,9.1995234,supermarket
45.5694213,9.171286,clinic
45.5289221,9.0582987,supermarket
45.542614,9.0094172,supermarket
45.4737699,9.1833252,pharmacy
45.4670809,9.2069113,supermarket
45.4442031,9.171178,clinic
45.542006,9.2241041,doctors
45.6058985,9.1502072,pharmacy
45.6019611,9.1443747,pharmacy
45.5081865,9.232015,school
45.5078498,9.2318195,school
45.5078864,9.2314865,school
45.594456,9.2229802,marketplace
45.4561739,9.1766975,doctors
45.4247672,9.2610522,marketplace
45.4514642,9.1885728,clinic
45.4796482,9.1998594,pharmacy
45.4553023,9.1790079,school
45.3125444,9.2027548,supermarket
45.3122266,9.2023633,pharmacy
45.3158907,9.2035983,doctors
45.3186814,9.2005561,doctors
45.3194223,9.2001087,pharmacy
45.3206951,9.1991553,supermarket
45.324189,9.2009893,doctors
45.3148185,9.1969728,doctors
45.3430556,9.1983773,supermarket
45.3434394,9.1982152,pharmacy
45.3428146,9.1976285,school
45.3437137,9.1930057,doctors
45.3479671,9.1982817,pharmacy
45.4112082,9.269049,pharmacy
45.3591184,9.2236039,supermarket
45.3597878,9.2262506,pharmacy
45.3570428,9.2231056,clinic
45.3543906,9.2228065,supermarket
45.3569294,9.2289508,supermarket
45.3573079,9.2235849,doctors
45.4725775,9.2347315,supermarket
45.5872904,9.2016412,clinic
45.5155475,9.1887608,pharmacy
45.4813243,9.2024135,cafe
45.4382046,9.2282398,doctors
45.466026,9.1928792,pharmacy
45.5310515,9.0722506,supermarket
45.577478,9.2715209,doctors
45.4664896,9.1588782,supermarket
45.5464606,9.2980254,supermarket
45.4953478,9.1794164,supermarket
45.582803,9.2730371,doctors
45.6207923,9.2375873,clinic
45.5459512,9.2979219,pharmacy
45.4473542,9.2093033,supermarket
45.6140686,9.1630972,supermarket
45.5688404,9.1312765,doctors
45.4704159,9.2291626,supermarket
45.5274354,9.3279471,doctors
45.5255835,9.3270667,doctors
45.5251328,9.3297875,doctors
45.3165742,9.2026246,doctors
45.3122412,9.2022048,doctors
45.324275,9.2012364,clinic
45.5723532,9.17845,supermarket
45.5777575,9.277316,school
45.6556241,9.1998261,supermarket
45.6598496,9.2083212,clinic
45.6598836,9.2080889,supermarket
45.6567992,9.1946241,supermarket
45.3753298,9.1666156,clinic
45.460282,9.0952028,marketplace
45.4563407,9.164916,clinic
45.4800937,9.1706791,supermarket
45.542872,9.2948541,doctors
45.4491472,9.0928921,clinic
45.3576995,9.3268674,pharmacy
45.4594943,9.1618726,clinic
45.6012998,9.1687157,supermarket
45.4525387,9.1427232,supermarket
45.4631342,9.2102052,clinic
45.4794742,9.2228364,doctors
45.4574073,9.191429,clinic
45.4782492,9.1851588,doctors
45.4625786,9.2332874,supermarket
45.4531058,9.1704867,supermarket
45.5031875,9.2679676,school
45.5027585,9.2676545,school
45.5122139,9.2941069,supermarket
45.4736586,9.2128904,supermarket
45.4291894,9.324954,supermarket
45.4285623,9.3119111,supermarket
45.4351909,9.2206944,doctors
45.6380415,9.1694954,doctors
45.5433445,9.4397234,clinic
45.5358184,9.239695,marketplace
45.3621995,9.1581345,school
45.3621057,9.1584224,school
45.5149536,9.2060851,supermarket
45.4631701,9.1700923,clinic
45.470827,9.2268899,supermarket
45.5310831,9.3982686,school
45.5314647,9.3980206,school
45.5347934,9.4121301,hospital
45.5366027,9.4049759,supermarket
45.4673899,9.1451197,supermarket
45.5133874,9.0970953,retail
45.6220669,9.1812927,pharmacy
45.4566684,9.1999052,pharmacy
45.4940925,9.2207011,marketplace
45.4849827,9.2264806,marketplace
45.4747302,9.2248075,doctors
45.4857795,9.1527467,supermarket
45.5166838,9.1911122,supermarket
45.4981071,9.2368696,clinic
45.6406034,9.1513367,supermarket
45.4587347,9.2066801,supermarket
45.5867892,9.203916,doctors
45.4504673,9.2055195,supermarket
45.5777572,9.2772706,school
45.6051903,9.2523106,supermarket
45.6053364,9.2420821,doctors
45.6402489,9.19212,clinic
45.5907946,9.0487373,supermarket
45.4619667,9.2002704,supermarket
45.457303,9.1970017,pharmacy
45.5856573,9.2726484,pharmacy
45.584637,9.2726617,clinic
45.5105519,9.1883054,supermarket
45.5085692,9.1863499,pharmacy
45.5083729,9.1969356,supermarket
45.3815329,9.3036202,supermarket
45.4510857,9.2044748,supermarket
45.4811331,9.1736007,supermarket
45.4483112,9.0956171,clinic
45.4590185,9.1938188,university
45.5693759,9.2844633,pharmacy
45.4946108,9.2065122,pharmacy
45.4070594,9.2653464,pharmacy
45.4049727,9.2677111,pharmacy
45.5174384,9.3258913,pharmacy
45.39421,9.2645367,supermarket
45.5296497,9.3319486,doctors
45.5242067,9.3352049,doctors
45.4834473,9.2254659,clinic
45.5903068,9.2159637,supermarket
45.4801089,9.2572668,university
45.3408942,9.1906738,school
45.5660864,9.1589793,pharmacy
45.5172739,9.1815439,school
45.3877623,9.2626697,supermarket
45.494775,9.2263873,school
45.4952169,9.2221383,school
45.4960551,9.2241801,school
45.4946876,9.2247283,school
45.4937392,9.2229812,school
45.4509836,9.2115812,marketplace
45.5248996,9.0416089,school
45.5341184,9.2306459,clinic
45.5056553,9.2644275,pharmacy
45.6376717,9.2051274,supermarket
45.6141543,9.1205686,school
45.4690809,9.1718862,supermarket
45.5135593,9.2850981,pharmacy
45.4633467,9.2196563,clinic
45.4139864,9.2091918,clinic
45.4640078,9.2167736,clinic
45.5392907,9.2276851,pharmacy
45.6010733,9.2605705,pharmacy
45.5453272,9.2321277,supermarket
45.5337297,9.2391778,clinic
45.5334192,9.237512,clinic
45.5281476,9.2296272,pharmacy
45.4516595,9.1457312,marketplace
45.4839195,9.1891614,pharmacy
45.5256873,9.2304594,doctors
45.5728761,9.1842421,school
45.644855,9.1671799,pharmacy
45.4810941,9.2254626,doctors
45.6360726,9.1803033,supermarket
45.5115592,9.187671,hospital
45.5634483,9.0518649,marketplace
45.4842702,9.1868534,pharmacy
45.564724,9.1692659,doctors
45.6358594,9.1732504,marketplace
45.3572165,9.1492116,pharmacy
45.5763163,9.2644398,pharmacy
45.5775273,9.2660305,school
45.5364756,9.2404392,clinic
45.4824264,9.2704531,supermarket
45.518913,9.1013147,supermarket
45.4676512,9.1497715,doctors
45.5697455,9.1902331,pharmacy
45.5973905,9.1421109,doctors
45.457603,9.1841113,pharmacy
45.4407694,9.2245451,pharmacy
45.4490824,9.2179502,doctors
45.6179246,9.2109024,school
45.4498662,9.2200964,pharmacy
45.4501059,9.2236888,clinic
45.4409687,9.2245648,clinic
45.4408296,9.224572,clinic
45.3778339,9.1701913,pharmacy
45.5220934,9.1175332,pharmacy
45.4642526,9.1784123,university
45.4589,9.2092801,supermarket
45.5976767,9.0450244,pharmacy
45.4579791,9.17344,school
45.5348486,9.2243291,hospital
45.629985,9.1469262,clinic
45.4643035,9.1622466,clinic
45.5982738,9.0535671,marketplace
45.4599704,9.1711403,school
45.5030605,9.1982978,school
45.5014499,9.1961082,school
45.4777917,9.2173809,supermarket
45.5014564,9.1866847,school
45.4714621,9.1385721,university
45.457599,9.1762866,clinic
45.5518793,9.0227082,pharmacy
45.3931232,9.2165243,school
45.3912473,9.2146898,school
45.473563,9.1880129,university
45.4149701,9.1765374,clinic
45.4576097,9.2094335,school
45.4541872,9.1941394,hospital
45.5468943,9.2154549,hospital
45.5469394,9.2149077,hospital
45.4651152,9.1472833,clinic
45.4411861,9.135345,hospital
45.6544154,9.1836772,supermarket
45.4429527,9.1007151,supermarket
45.4441907,9.1010022,pharmacy
45.4778041,9.176414,supermarket
45.4899983,8.9959652,pharmacy
45.4813543,9.1622572,clinic
45.650146,9.2097608,pharmacy
45.4708019,9.1544951,clinic
45.4145136,9.1707365,doctors
45.4806634,9.2204313,doctors
45.4889423,9.1528419,supermarket
45.4403454,9.1598768,clinic
45.4974463,9.1789138,clinic
45.498702,9.1769555,clinic
45.612088,9.2347048,supermarket
45.4405229,9.1475167,clinic
45.4989598,9.2665672,clinic
45.4951706,9.266257,clinic
45.4388478,9.1494174,clinic
45.5359869,9.4160062,pharmacy
45.4237069,9.0588496,pharmacy
45.4560363,9.2144682,supermarket
45.5321146,9.2785147,pharmacy
45.4293739,9.1607384,clinic
45.4121986,9.1714819,clinic
45.4507898,9.0968772,pharmacy
45.4551298,9.1804905,doctors
45.4553102,9.1479596,supermarket
45.4545839,9.1684287,pharmacy
45.4683715,9.1278064,supermarket
45.6500741,9.2057911,doctors
45.6502639,9.2060018,doctors
45.5291221,9.2660789,supermarket
45.453226,9.156075,doctors
45.656593,9.2081944,clinic
45.4521125,9.1814742,pharmacy
45.4591097,9.2118924,clinic
45.5819588,9.1269442,hospital
45.5571415,9.2525093,pharmacy
45.4578347,9.1422014,school
45.4580174,9.1428393,school
45.5366201,9.2319343,clinic
45.5785874,9.1200597,clinic
45.4790945,9.2338522,university
45.5271529,9.2089717,doctors
45.4992062,9.2330582,school
45.5220455,9.1585616,doctors
45.5345904,9.336946,pharmacy
45.5519664,9.2224866,pharmacy
45.5938199,9.1390881,pharmacy
45.4604977,9.1252888,school
45.4491596,9.2096327,marketplace
45.4899799,9.2008762,doctors
45.4023339,9.281281,supermarket
45.3619825,9.227917,supermarket
45.6386346,9.1673988,pharmacy
45.6142213,9.1083848,pharmacy
45.52973,9.253454,pharmacy
45.4676501,9.2264677,pharmacy
45.6534606,9.2048866,clinic
45.6521001,9.2093987,doctors
45.5016421,9.1855068,school
45.4582426,9.1427185,school
45.4657651,9.2292578,supermarket
45.4636654,9.1324028,supermarket
45.5349063,9.2383955,doctors
45.5314644,9.155779,supermarket
45.4446857,9.1810385,supermarket
45.4661625,9.150052,clinic
45.4404137,9.1186803,supermarket
45.4953959,9.1242746,supermarket
45.5791501,9.2824052,school
45.460644,9.1380059,clinic
45.4795613,9.1915073,hospital
45.478834,9.1905419,hospital
45.4653649,9.1384376,supermarket
45.4602129,9.2261647,school
45.4845692,9.2188109,doctors
45.4429445,9.1975523,supermarket
45.4694247,9.1140871,hospital
45.4438394,9.2606454,hospital
45.4543408,9.1949304,clinic
45.4585349,9.2574658,clinic
45.4579518,9.2036085,clinic
45.4584353,9.2033963,clinic
45.4605509,9.0928385,clinic
45.4601691,9.1008435,supermarket
45.4602137,9.110666,supermarket
45.4322953,9.1698722,supermarket
45.4997831,9.1203196,clinic
45.5074577,9.2206756,clinic
45.5100219,9.222596,supermarket
45.4850113,9.2253725,hospital
45.484499,9.1533512,clinic
45.4724124,9.1210138,supermarket
45.4474558,9.1193053,supermarket
45.4725748,9.2320873,supermarket
45.4865086,9.2281002,school
45.4559898,9.2190529,supermarket
45.4842515,8.9773711,pharmacy
45.4704984,9.152083,clinic
45.4881712,9.2191897,supermarket
45.5444033,9.223694,supermarket
45.5421936,9.2286257,school
45.5098828,9.1862442,hospital
45.4870688,9.2442809,school
45.5063081,9.2045062,school
45.4625863,9.1297592,school
45.4558924,9.1382981,college
45.4681075,9.114177,hospital
45.5066109,9.4163625,school
45.5063276,9.4181392,school
45.4449819,9.1556201,supermarket
45.445922,9.1558109,school
45.4777121,9.1382791,school
45.4951559,9.2363026,school
45.5046916,9.4235576,school
45.5039865,9.4244696,school
45.5047819,9.428408,school
45.501368,9.4236327,school
45.5014215,9.4244952,school
45.4953598,9.4261411,school
45.4955823,9.4268963,school
45.4584517,9.2426921,supermarket
45.5699771,9.2469412,supermarket
45.552227,9.2009497,school
45.5136624,9.2113202,university
45.5180142,9.2137564,university
45.5230811,9.1739477,hospital
45.4966108,9.1940139,hospital
45.5197289,9.1234592,hospital
45.5564038,9.3023836,supermarket
45.4393838,9.1615259,school
45.4879754,9.2002978,school
45.4781046,9.2471972,supermarket
45.4789811,9.2322109,university
45.5068441,9.1384703,supermarket
45.5866067,9.2720961,hospital
45.4710927,9.1373384,marketplace
45.5157559,9.1930921,school
45.5427478,9.1896996,supermarket
45.4337508,9.1211517,retail
45.5525871,9.1797038,school
45.5500288,9.176458,school
45.550165,9.1820009,supermarket
45.5517527,9.1899534,school
45.5535626,9.1925937,school
45.5496455,9.1954861,marketplace
45.4544926,9.1617409,supermarket
45.5720975,9.244109,school
45.580567,9.2459772,school
45.5748747,9.2607291,supermarket
45.5865116,9.2672006,school
45.5459029,9.1807689,school
45.5517438,9.2005245,school
45.552122,9.2019017,school
45.5562573,9.2014214,school
45.4748442,9.1854564,school
45.4430689,9.1500323,school
45.4607683,9.1558019,supermarket
45.5388247,9.1369594,supermarket
45.5325497,9.1473371,supermarket
45.4977475,9.285403,supermarket
45.4448692,9.2253843,school
45.4544511,9.2158439,marketplace
45.4965107,9.2412282,school
45.4394486,9.2186276,school
45.4391076,9.2229896,school
45.4990622,9.1958086,supermarket
45.538296,9.222062,school
45.5341608,9.2223153,school
45.5072968,9.1906065,school
45.5923008,9.2345433,supermarket
45.4619867,9.2117476,marketplace
45.5637093,9.1867131,supermarket
45.4937946,9.2278909,supermarket
45.4654258,9.1774715,university
45.4531779,9.196955,clinic
45.3746986,9.2152635,school
45.4885281,9.2973291,school
45.4920607,9.2698261,supermarket
45.5731933,9.1555956,hospital
45.6109844,9.2546636,supermarket
45.5706392,9.1545768,school
45.5672857,9.1846954,school
45.5749272,9.1682581,school
45.5508517,9.1633568,school
45.5488448,9.1619753,supermarket
45.5658494,9.1508041,supermarket
45.5824032,9.1549161,school
45.5800142,9.1587749,school
45.4951541,9.1537172,marketplace
45.5594227,9.1620283,supermarket
45.5725673,9.1623318,school
45.5730111,9.159438,school
45.5416133,9.2744071,supermarket
45.5027606,9.2226744,supermarket
45.5695229,9.1796541,supermarket
45.5745905,9.143152,school
45.5922828,9.1390491,school
45.3404872,9.1904537,school
45.5186408,9.2034636,supermarket
45.4993177,9.1885199,supermarket
45.3721477,9.1691458,college
45.5240213,9.3221666,school
45.4103178,9.1265815,supermarket
45.5288023,9.1399166,supermarket
45.4950013,9.0436474,school
45.5404103,9.0452576,school
45.4895894,9.0641466,supermarket
45.5476333,9.0455569,hospital
45.4857243,9.0547891,school
45.5511328,9.2969556,school
45.5563411,9.3049031,school
45.5471496,9.1101124,school
45.4880941,9.0219268,supermarket
45.5321938,9.0306078,school
45.5384556,9.0379971,school
45.4751298,9.2313697,hospital
45.5544754,9.2855711,supermarket
45.544639,9.3006024,school
45.6362972,9.1785083,supermarket
45.5394702,9.2240118,school
45.5421574,9.4478679,school
45.489643,9.1911663,marketplace
45.5496968,9.2899946,supermarket
45.4174405,9.2573418,supermarket
45.4402176,9.2170528,school
45.5408057,9.1193735,school
45.5961667,9.1634997,school
45.5981244,9.1537763,school
45.5989213,9.1523148,school
45.4306465,9.2661332,supermarket
45.6134106,9.1994216,school
45.4248713,9.259263,clinic
45.4825084,9.2689501,school
45.4995554,9.2354718,supermarket
45.4906016,9.2407736,retail
45.5414701,9.1686209,school
45.4952732,9.2869452,supermarket
45.4405756,9.1356458,supermarket
45.5453866,9.3028857,school
45.5421228,9.3032838,supermarket
45.6050769,9.2047732,supermarket
45.6188358,9.2034706,school
45.4503242,9.1426367,school
45.476232,9.1390935,doctors
45.4731428,9.1435817,school
45.4737358,9.1431709,school
45.5842357,9.2952252,hospital
45.5531815,9.1866765,hospital
45.5342555,9.1847971,school
45.5930437,9.1286059,school
45.537364,9.2301099,supermarket
45.5408372,9.2328956,supermarket
45.3876981,9.1594892,supermarket
45.380848,9.1546342,supermarket
45.5335896,9.1956102,school
45.5295573,9.1877647,school
45.5123144,9.1734114,retail
45.4550134,9.1355093,supermarket
45.4365093,9.1576979,supermarket
45.5256583,9.1938266,supermarket
45.3800373,9.1519565,school
45.3797993,9.151056,school
45.3802769,9.1546186,pharmacy
45.5200583,9.1852751,school
45.4438952,9.2302231,school
45.4358353,9.206452,supermarket
45.4981421,9.1812536,retail
45.5623734,9.0807497,supermarket
45.4494417,9.173894,doctors
45.4486434,9.1337163,marketplace
45.4450901,9.160618,supermarket
45.4551271,9.1054729,school
45.4417908,9.2186625,supermarket
45.4294491,9.1812913,school
45.4294399,9.1822107,school
45.4294604,9.1803731,school
45.5857517,9.1943953,school
45.5827566,9.1462134,supermarket
45.5780935,9.1391858,supermarket
45.5780431,9.1364469,school
45.5493211,9.3917981,supermarket
45.4084946,9.172906,supermarket
45.5321354,9.3770866,doctors
45.5587165,9.1148977,supermarket
45.460554,9.1035035,school
45.5036125,9.1447943,school
45.5033714,9.1556776,college
45.5365598,9.2192578,hospital
45.5366099,9.2242108,hospital
45.5016719,9.1570428,university
45.504895,9.421725,school
45.5575873,9.1898763,school
45.5583769,9.1897467,school
45.5464656,9.2155297,hospital
45.5016055,9.2291778,supermarket
45.4983095,9.2425217,school
45.5701232,9.2100251,supermarket
45.5494086,9.2188495,school
45.5388165,9.2155379,school
45.5814613,9.1313151,supermarket
45.6176889,9.136049,supermarket
45.445861,9.1840897,school
45.4290747,9.1812755,school
45.5586069,9.1798457,school
45.5574018,9.1612812,school
45.5879866,9.1161471,school
45.439098,9.1842347,supermarket
45.420492,9.0776765,school
45.5721642,9.1895012,school
45.4395667,9.2015617,supermarket
45.4630789,9.2022402,school
45.5650561,9.1618892,school
45.4279276,9.3071505,supermarket
45.3780701,9.3069271,supermarket
45.3876443,9.2981226,school
45.5711568,9.1687787,clinic
45.5677647,9.1674253,school
45.4953527,9.16373,supermarket
45.38189,9.3014257,supermarket
45.5277813,9.0524629,supermarket
45.591731,9.1209742,supermarket
45.6009713,9.1673026,supermarket
45.4856833,9.1651232,retail
45.4144642,9.2081533,clinic
45.4763371,9.087872,supermarket
45.5339743,9.1245085,supermarket
45.4362306,9.2164696,supermarket
45.5965323,9.1622057,marketplace
45.4548947,9.0830084,school
45.5418259,9.1950554,school
45.5418869,9.1880209,school
45.5708475,9.1343673,school
45.5308498,9.1056155,retail
45.4802767,9.2410168,supermarket
45.53701,9.1894023,hospital
45.5388078,9.0167317,supermarket
45.5218222,9.2327599,university
45.5163455,9.2415836,school
45.4498911,9.1887851,university
45.5782526,9.2836606,supermarket
45.6481148,9.2273417,supermarket
45.4333786,9.3128,school
45.4314559,9.295847,school
45.437175,9.0980497,school
45.4345674,9.0919409,doctors
45.5538622,9.1992711,supermarket
45.4975557,9.1536506,retail
45.4402167,9.089557,supermarket
45.5235969,9.2472431,supermarket
45.5301017,9.2525449,supermarket
45.5402824,9.1165146,hospital
45.4443523,9.0912007,supermarket
45.4441341,9.0899342,doctors
45.375768,9.1539126,school
45.4596957,9.1680464,supermarket
45.5168473,9.1914233,supermarket
45.5244542,9.2738781,supermarket
45.5061844,9.2654334,hospital
45.583396,9.2739974,pharmacy
45.4545038,9.1839752,marketplace
45.4601552,9.1945113,university
45.4755627,9.2283001,university
45.5967458,9.1981023,supermarket
45.5388305,9.4068281,school
45.42603,9.1152067,supermarket
45.509096,9.428921,supermarket
45.506519,9.4297179,supermarket
45.6225781,9.1426779,school
45.429806,9.1591726,school
45.4303657,9.1560495,school
45.4307331,9.1548399,school
45.5820016,9.2796508,supermarket
45.5808954,9.2728794,supermarket
45.5873697,9.2745618,school
45.5342478,9.4068333,clinic
45.5765409,9.2685389,school
45.4768859,9.1417381,school
45.576806,9.2846123,school
45.6263321,9.1960603,hospital
45.4978565,9.3236102,doctors
45.5592153,9.2599438,school
45.5587044,9.2594923,school
45.5812137,9.2649129,school
45.5815733,9.2650834,school
45.5827406,9.2641716,school
45.5778495,9.2503823,school
45.5704023,9.2425127,school
45.5743913,9.241834,school
45.5831677,9.2550733,school
45.5829263,9.2581812,school
45.577988,9.2663413,university
45.5589937,9.2620101,supermarket
45.5746187,9.2631869,school
45.5732522,9.2560557,school
45.5715758,9.2543882,school
45.5800767,9.2562233,supermarket
45.6172184,9.2478878,supermarket
45.570154,9.2824348,school
45.5859963,9.2831082,school
45.5887854,9.2766452,school
45.5157634,9.1931015,school
45.5203816,9.135319,school
45.5201678,9.1857658,school
45.5142803,9.1873771,school
45.550219,9.2075892,supermarket
45.5778926,9.2598139,school
45.5938362,9.2041936,school
45.4464841,9.1739424,university
45.5638907,9.2694876,school
45.3154685,9.1999002,school
45.5858467,9.2839213,school
45.553727,9.2989486,school
45.602285,9.2601687,hospital
45.6039214,9.2616638,university
45.6044338,9.2627652,university
45.506284,9.0275823,supermarket
45.4404316,9.1590445,university
45.4465898,9.2170076,school
45.5038464,9.240512,supermarket
45.5013992,9.2373581,hospital
45.5800741,9.2696169,school
45.5910359,9.2653184,school
45.556214,9.2599941,school
45.5489837,9.3881262,school
45.5576825,9.2524639,supermarket
45.5260483,9.1111486,school
45.5775939,9.2536992,supermarket
45.6567054,9.2027823,school
45.6570822,9.2033283,school
45.6602857,9.2024354,school
45.6635812,9.2015769,supermarket
45.657551,9.2037445,school
45.6590555,9.2156866,school
45.6575885,9.2116786,school
45.650849,9.2125849,school
45.5599201,9.1852365,supermarket
45.4889232,9.2015169,college
45.4886372,9.2012004,college
45.4889453,9.2008724,college
45.5615626,9.1417166,school
45.4230224,9.2691061,school
45.5671497,9.2692644,school
45.46565,9.2036142,university
45.4655642,9.202345,university
45.5398188,9.18925,supermarket
45.5358629,9.1951326,retail
45.5954161,9.2504022,clinic
45.535889,9.0677485,school
45.4785763,9.1638744,school
45.4756095,9.2322458,university
45.5892087,9.2681117,school
45.4909054,9.3231477,school
45.4913115,9.3230578,school
45.4915094,9.3235019,school
45.5144325,9.1264311,school
45.5147623,9.1614309,school
45.4836223,9.1653386,marketplace
45.5375669,9.2406926,school
45.5369882,9.240858,school
45.4732629,9.1253571,school
45.5131038,9.2293967,school
45.5501993,9.2316027,school
45.5875723,9.0536285,supermarket
45.4771655,9.3107283,school
45.652838,9.1636231,school
45.5861929,9.2772723,school
45.5820021,9.2746702,school
45.5472766,9.2999759,school
45.5345193,9.0347442,hospital
45.5849932,9.2824547,school
45.6473956,9.2080818,supermarket
45.6249873,9.1468605,school
45.5141333,9.1385926,school
45.4454719,9.2508137,marketplace
45.4333225,9.1781038,supermarket
45.4325,9.1740251,supermarket
45.4402611,9.1664434,supermarket
45.5234841,9.2448428,supermarket
45.4865785,8.9966343,supermarket
45.4790266,9.0031065,supermarket
45.4681828,9.1077065,school
45.4763101,9.1075843,school
45.4751297,9.1190779,school
45.4678623,9.1192277,school
45.474246,9.2372762,school
45.6094287,9.1454745,school
45.4543969,9.2471382,supermarket
45.3961416,9.1584344,school
45.6431446,9.1941474,supermarket
45.5293147,9.1677265,school
45.5820812,9.2776505,marketplace
45.5834747,9.273796,marketplace
45.5753992,9.242667,marketplace
45.5617261,9.261282,marketplace
45.3909626,9.2982453,supermarket
45.3976799,9.2830048,supermarket
45.518275,9.1361093,supermarket
45.4348741,9.2015354,supermarket
45.5373832,9.1895916,school
45.6248238,9.2420493,school
45.3460122,9.1976077,school
45.4470758,9.1885533,university
45.452715,9.1786165,marketplace
45.5154391,9.2783597,school
45.5152337,9.2801523,school
45.4856949,9.0135558,school
45.4854627,9.012196,school
45.5164563,9.2129155,university
45.4353761,9.1636333,school
45.53743,9.2409621,school
45.5360678,9.245723,school
45.5200509,9.2277497,supermarket
45.5222048,9.2464821,school
45.3734364,9.1651239,hospital
45.5287275,9.2317977,school
45.4775107,9.0884063,school
45.4574807,9.2433319,school
45.4952881,9.1191798,school
45.4150203,9.1732394,supermarket
45.4172625,9.1745762,school
45.415286,9.1702654,school
45.447913,9.2536814,school
45.5197218,9.1321569,school
45.4286263,9.1738163,school
45.4294168,9.1737216,school
45.4230553,9.1784896,school
45.4956669,9.132896,school
45.504253,9.1296504,school
45.4233414,9.0662009,supermarket
45.4204936,9.0588206,supermarket
45.383789,9.1595319,school
45.5212216,9.2071287,school
45.5206863,9.1540951,school
45.4847277,9.2612598,supermarket
45.5432809,9.2541358,school
45.5437685,9.2534063,school
45.5129135,9.2065092,school
45.4225093,9.0590514,doctors
45.4455404,9.2517865,school
45.4447867,9.2520549,school
45.4453847,9.2438759,supermarket
45.4851676,9.2396485,school
45.554843,9.1864365,doctors
45.484218,9.1396335,school
45.4991692,9.1487816,school
45.460152,9.2209389,supermarket
45.4613465,9.2361737,school
45.5176492,9.1320763,school
45.5792345,9.2311989,school
45.5975253,9.2218052,school
45.5890274,9.2262367,school
45.5967232,9.2218377,school
45.4390147,9.1939137,school
45.437921,9.1938778,school
45.5773697,9.2909679,school
45.4705812,9.1086629,supermarket
45.3427139,9.1971427,school
45.4966948,9.1585872,school
45.5951685,9.2310935,school
45.5928706,9.2317233,school
45.5917997,9.2265487,supermarket
45.4801388,9.1916243,school
45.5173233,9.1041288,supermarket
45.5137328,9.2444753,retail
45.5166728,9.0053273,school
45.4353726,9.1541567,supermarket
45.6301511,9.167209,supermarket
45.4412448,9.1535569,supermarket
45.4937769,9.4267871,school
45.4568282,9.0973788,supermarket
45.4586746,9.1206081,clinic
45.4580775,9.1216085,clinic
45.6146951,9.2374205,school
45.6140035,9.2375871,school
45.6041819,9.2322918,school
45.3986702,9.2873535,school
45.6224153,9.240894,supermarket
45.6051913,9.2342772,school
45.6070807,9.2420338,school
45.6044209,9.245662,school
45.6064461,9.2490804,school
45.6132068,9.2556951,school
45.5282429,9.3314195,school
45.5148767,9.337204,supermarket
45.4632207,9.2040949,school
45.3618874,9.3177933,school
45.4934487,9.1103629,school
45.4329133,9.2172526,school
45.531108,9.1259419,school
45.5027381,9.095646,school
45.5344391,9.2874657,supermarket
45.6202613,9.2383477,hospital
45.4667796,9.2328177,supermarket
45.4643893,9.2343705,school
45.4519637,9.2180124,supermarket
45.6081119,9.2189471,supermarket
45.4709236,9.1182294,school
45.4699754,9.1262187,school
45.461055,9.1124966,school
45.507033,9.1909227,school
45.4880996,9.2135379,school
45.3519368,9.330056,school
45.3545543,9.3217819,school
45.4763121,9.2121999,school
45.4699102,9.2106866,school
45.4523905,9.2249109,school
45.4779063,9.2360295,school
45.4896435,9.2398337,school
45.4722667,9.2474245,school
45.5213673,9.2846958,school
45.5203894,9.2847056,school
45.5167783,9.2849435,school
45.5108156,9.2838358,supermarket
45.5252852,9.1666818,school
45.5254237,9.1718526,school
45.4367506,9.1950284,school
45.6227732,9.2320562,supermarket
45.5540187,9.062893,school
45.4882068,9.197769,school
45.4599184,9.1453179,school
45.4978503,9.1194291,school
45.4940084,9.1251288,school
45.4950286,9.1199088,school
45.4949015,9.1208634,school
45.5039472,9.1010047,supermarket
45.4939231,9.112045,school
45.6386972,9.1687518,school
45.3824903,9.1558493,school
45.387763,9.1561796,school
45.389167,9.1530851,school
45.3884214,9.152363,school
45.3795365,9.15521,school
45.3857671,9.1585704,school
45.3956629,9.1710735,school
45.392413,9.1648886,school
45.4095289,9.1726191,school
45.4178218,9.1720334,school
45.4311168,9.2044677,school
45.4313727,9.1996843,university
45.4384638,9.1900326,school
45.5079889,9.2035754,school
45.4342539,9.2221049,school
45.4121208,9.1714379,hospital
45.4059786,9.1720195,school
45.6124628,9.1957527,school
45.5043094,9.3347469,school
45.5010796,9.3351634,school
45.4965339,9.2669913,school
45.5056292,9.3274184,school
45.4589099,9.2482998,school
45.4958063,9.3289338,school
45.5976064,9.1958221,school
45.5165492,9.3663234,school
45.6377105,9.1978676,school
45.6289875,9.1763357,school
45.6272571,9.2044525,school
45.6282303,9.2038334,school
45.6059151,9.12448,school
45.5051761,9.1660004,university
45.6096151,9.1564942,school
45.6197815,9.1580958,school
45.5345286,9.2941604,school
45.4822596,9.2056512,school
45.6052512,9.2615027,university
45.5342239,9.1846599,school
45.5377955,9.1975973,school
45.5336463,9.1957809,school
45.4763667,9.0852233,school
45.4867113,9.2206366,school
45.4264674,9.0608856,school
45.5347311,9.0140907,school
45.6204835,9.2304567,school
45.6209996,9.1862988,school
45.4181313,9.1225275,supermarket
45.536363,9.2762448,school
45.4290275,9.2667884,school
45.5458282,9.240243,school
45.6441043,9.1297451,school
45.6460511,9.1431422,school
45.6423514,9.1690859,school
45.6459576,9.1438789,school
45.4586813,9.1039661,school
45.4187952,9.127013,school
45.4218831,9.1211645,pharmacy
45.4254615,9.12104,school
45.4423325,9.2289383,school
45.5209414,9.1572601,school
45.4562792,9.1912328,university
45.4106461,9.1314714,school
45.4626451,9.1642114,school
45.4493128,9.1923769,school
45.4773316,9.2245206,school
45.3987054,9.2841834,school
45.3998431,9.2770692,school
45.3875106,9.2983977,school
45.4033147,9.2705252,school
45.406321,9.2690192,school
45.4018855,9.2697986,school
45.426253,9.0547026,school
45.4382499,9.1264101,school
45.4379857,9.1083229,school
45.4173437,9.1063237,school
45.4208163,9.1060451,school
45.4020984,9.2297391,school
45.4350576,9.1201254,school
45.4322497,9.1122211,school
45.4316274,9.1122729,school
45.4277739,9.1140435,school
45.4378716,9.1479607,school
45.4302344,9.22525,university
45.5446966,9.3004068,school
45.5032332,9.1271815,supermarket
45.5603638,9.2127921,school
45.520617,9.3327551,school
45.5016382,9.2619687,university
45.5002676,9.2855441,school
45.4980805,9.2865129,school
45.4990686,9.2937865,school
45.6122164,9.2073467,school
45.5238987,9.2724171,school
45.5232161,9.313715,school
45.4691751,9.2368416,school
45.6121522,9.2035666,supermarket
45.4825657,9.3217772,school
45.4992359,9.2072829,school
45.5349997,9.2428105,school
45.455131,9.1392589,school
45.4543095,9.1393741,school
45.5160786,9.2050544,school
45.5341522,9.1922828,supermarket
45.5267441,9.214295,school
45.3576201,9.2208979,school
45.3590231,9.2286883,school
45.4589476,9.1833962,school
45.4567323,9.1860703,school
45.4876824,9.1232599,school
45.4873123,9.1338268,school
45.4794454,9.2247982,supermarket
45.4392759,9.1577046,school
45.439512,9.2177543,school
45.5710443,9.0747862,school
45.4557946,9.1300027,school
45.4345451,9.1831403,supermarket
45.433033,9.1714635,school
45.5034067,9.0999964,school
45.5038615,9.0989047,school
45.4344196,9.1789641,school
45.4860704,9.1698106,school
45.5569825,9.0750486,school
45.6048389,9.1166177,hospital
45.533539,9.2287926,school
45.5339985,9.2294598,school
45.5459588,9.1241797,school
45.5319725,9.0707884,school
45.4722884,9.2048367,school
45.5308812,9.0432099,school
45.5371773,9.0394478,school
45.5332637,9.0557241,school
45.5262559,9.287507,school
45.5354791,9.2806628,school
45.5260121,9.1726397,school
45.5284638,9.1676843,school
45.5279124,9.1687195,school
45.4956919,9.1912188,school
45.4947802,9.189372,hospital
45.4856294,9.1999346,school
45.4964547,9.1961363,school
45.4969484,9.2016061,school
45.5257056,9.03864,school
45.5373353,9.0166672,school
45.5022603,9.1669206,supermarket
45.5026674,9.1968507,school
45.4269024,9.0718223,supermarket
45.4986132,9.1853034,school
45.5056734,9.1896756,school
45.5061285,9.1943361,school
45.5014725,9.1725081,school
45.5020322,9.1715146,school
45.5005562,9.1773567,school
45.4219953,9.0690861,school
45.5187508,9.2056277,school
45.4900504,9.2450817,school
45.4161968,9.0502366,school
45.523437,9.209017,school
45.5198704,9.2073879,school
45.5245174,9.2088817,school
45.5258404,9.2047408,supermarket
45.5114862,9.2479245,school
45.5113204,9.2484353,school
45.497992,9.2279677,school
45.4707916,9.1954549,school
45.4602989,9.2409879,school
45.4273766,9.0541037,school
45.4932592,9.2192633,marketplace
45.4877363,9.2154905,school
45.4914582,9.2163999,supermarket
45.4943681,9.2174635,school
45.4444498,9.1775568,school
45.4881498,9.2225873,school
45.4538113,9.145122,school
45.455361,9.1499811,school
45.4603728,9.1482499,school
45.458702,9.0991934,school
45.4490973,9.1738712,doctors
45.6172658,9.1261905,school
45.600492,9.136783,school
45.6033397,9.1225039,school
45.5950221,9.1259662,school
45.6194531,9.1175988,school
45.6020918,9.1150139,school
45.6148319,9.1092848,school
45.4591222,9.0913794,supermarket
45.5915567,9.191128,school
45.5929622,9.1879106,school
45.4618465,9.1768822,university
45.5476085,9.1874399,supermarket
45.4759303,9.1822119,school
45.5741374,9.0830666,school
45.4052427,9.034738,school
45.4042107,9.0392164,school
45.4675387,9.2361642,school
45.4209918,9.0603656,supermarket
45.4091728,9.0441534,supermarket
45.4409138,9.1452173,school
45.531778,8.9943444,school
45.5159262,9.066035,school
45.5745522,9.2556074,clinic
45.4479541,9.0354833,school
45.4933511,9.0224095,school
45.4924225,9.0314203,school
45.4993449,9.0301703,school
45.3558841,9.3297452,school
45.3616435,9.3210331,school
45.3611737,9.3249362,school
45.5559128,9.1428566,school
45.4909064,9.1064417,school
45.497527,9.1053691,school
45.575277,9.1227697,school
45.581538,9.1513593,school
45.5811391,9.1399451,school
45.5817512,9.1298118,school
45.5149316,9.3610599,school
45.5020231,9.2043551,school
45.4698079,9.1676412,school
45.5147906,9.2231625,school
45.5151114,9.2223655,school
45.6539069,9.2056786,hospital
45.5440062,9.2279435,school
45.5417255,9.2260619,school
45.4244048,9.1193038,school
45.4856999,9.1666368,hospital
45.4794376,9.1690508,school
45.4776227,9.1634366,school
45.4647291,9.2022746,school
45.6177298,9.1393569,school
45.4651561,9.1694486,school
45.4862235,9.0279897,school
45.4780696,9.173119,school
45.4858177,9.1639918,marketplace
45.6370984,9.2083106,school
45.6121065,9.1936106,school
45.474013,9.1887132,school
45.5019578,9.0233542,school
45.4999335,9.0287092,school
45.5960209,9.2040622,marketplace
45.4890667,8.9728209,school
45.448216,9.1992225,school
45.4545117,9.1978179,school
45.4796769,9.2058439,school
45.4858521,9.2880351,supermarket
45.4599614,9.178301,school
45.4625651,9.1779602,university
45.4592926,9.0921237,school
45.4627221,9.0893787,school
45.4652916,9.0880494,school
45.4647115,9.0876606,school
45.4650358,9.088866,school
45.444291,9.0987631,school
45.4457369,9.0927007,school
45.448365,9.0949675,school
45.4435017,9.088878,school
45.4428588,9.0877177,school
45.4462854,9.0869489,school
45.6158698,9.2179618,school
45.5225865,9.2688925,school
45.4350117,9.0850186,school
45.4983918,9.148295,school
45.4325382,9.0812249,retail
45.507771,9.2634935,school
45.506824,9.2652162,university
45.630612,9.1460517,clinic
45.5339113,9.3430808,school
45.5337614,9.3428113,school
45.4793369,9.1890114,school
45.5520789,9.0799542,school
45.6457286,9.2128519,clinic
45.5028706,9.1260277,school
45.4635012,9.1719085,hospital
45.601568,9.1471531,marketplace
45.6043035,9.1177462,clinic
45.4593341,9.1995059,school
45.4704468,9.2246668,school
45.4723799,9.2179555,school
45.4600617,9.2127513,school
45.485494,9.0129663,school
45.5371442,9.3936297,supermarket
45.5260985,9.1770708,school
45.5128856,9.2469996,supermarket
45.512171,9.2478233,school
45.5271568,8.9908692,marketplace
45.527436,9.191663,supermarket
45.5079855,9.2318121,school
45.5059221,9.2266822,school
45.5074272,9.226476,school
45.5278732,8.9987648,school
45.4735011,9.1623091,school
45.4400172,9.2268098,school
45.5427684,9.0131936,supermarket
45.5221738,9.3111713,school
45.5210959,9.2253138,school
45.5480955,9.1115322,supermarket
45.4906498,9.2000731,school
45.4652532,9.1530041,school
45.4857408,9.0129745,school
45.4854471,9.0131128,school
45.3703728,9.1719257,university
45.4598089,9.1731892,school
45.4599353,9.1707528,school
45.5266543,9.045231,school
45.4588002,9.173766,school
45.526811,9.3753694,supermarket
45.5262401,9.3757062,pharmacy
45.5525224,9.2270613,school
45.4556858,9.1988745,school
45.462908,9.224621,school
45.4867798,9.3269516,school
45.4618313,9.1690273,school
45.5107623,9.3025434,supermarket
45.5319161,9.4135313,school
45.5311198,9.4119125,school
45.5325366,9.2524548,school
45.5326839,9.2517419,school
45.5261233,9.2468782,school
45.5248491,9.2488836,school
45.5987111,9.1551292,school
45.4535799,9.1950394,school
45.4714051,9.2317169,school
45.3795593,9.170492,supermarket
45.5338048,8.9920628,supermarket
45.5462587,9.4513363,supermarket
45.5306207,9.0402633,school
45.4556683,9.107489,school
45.4544845,9.1928329,school
45.4548738,9.1937126,hospital
45.5523898,9.4343059,school
45.5529737,9.4325793,school
45.5534889,9.4338149,school
45.5680924,9.2119661,school
45.5677361,9.2110504,school
45.561014,9.2065087,school
45.4836665,9.1515245,school
45.4683522,9.1497877,school
45.5009158,9.3220357,supermarket
45.5326692,9.4012753,school
45.5082575,9.1992299,school
45.5257608,9.1623537,school
45.5160147,9.0094089,school
45.5193112,9.1504055,supermarket
45.5894876,9.0715078,school
45.5885549,9.0705963,school
45.4166881,9.2635076,school
45.4048066,9.266294,school
45.5287019,9.132112,marketplace
45.4672326,9.1612498,school
45.4789698,9.234898,school
45.5263545,9.2857667,school
45.4663415,9.2190851,hospital
45.5303249,9.0392472,school
45.5000313,9.3348239,school
45.5941319,9.0511149,school
45.5357037,9.2830443,clinic
45.611456,9.1560464,school
45.6097596,9.1440574,school
45.4368331,9.1670972,retail
45.5204379,9.1492887,pharmacy
45.5309264,9.2329525,school
45.5684693,9.2626512,supermarket
45.4933755,9.1410094,school
45.6330229,9.1691295,school
45.6387937,9.1807388,school
45.6238478,9.1669697,school
45.5150221,9.2869522,school
45.4696447,9.1343293,supermarket
45.4718058,9.1304702,school
45.4592893,9.1356563,school
45.4570001,9.137993,school
45.3563762,9.2199497,school
45.4504559,9.2158036,school
45.4512136,9.2164244,school
45.4938543,9.2637297,school
45.4869807,9.1875482,school
45.4565347,9.1468459,school
45.4611022,9.2228172,school
45.5751515,9.0747768,school
45.5312777,9.0505123,school
45.4515738,9.1468061,school
45.446781,9.143334,school
45.4962306,9.1901403,school
45.4533677,9.1399029,school
45.452568,9.1402255,school
45.4823774,9.1572089,school
45.4338176,9.3128625,school
45.4315077,9.2959431,school
45.3628153,9.1582101,school
45.6257783,9.1545791,marketplace
45.514431,9.160049,school
45.5290992,9.1248156,supermarket
45.4603978,9.0871833,school
45.4315475,9.200717,school
45.5242436,9.1163889,school
45.4394245,9.2408001,school
45.6022263,9.2494986,supermarket
45.5397092,9.0668891,school
45.4259866,9.2058402,school
45.4505408,9.1496142,supermarket
45.5322165,9.027495,school
45.4821502,9.3226646,school
45.5011827,9.32473,school
45.4716787,9.1425911,school
45.486105,9.1335379,school
45.4446711,9.1695032,school
45.4655962,9.1609229,school
45.4726122,9.2423463,university
45.4985278,9.2243305,school
45.5014844,9.2485665,school
45.4877156,9.2146694,school
45.5735133,9.2261003,supermarket
45.6143761,9.1543563,supermarket
45.557846,9.0757993,school
45.551923,9.0805758,school
45.5540024,9.0639868,school
45.5017299,9.2386201,school
45.5493313,9.0433104,school
45.5953926,9.0715688,school
45.5354421,9.0501031,school
45.5511647,9.1555228,supermarket
45.6168882,9.1274356,school
45.6108423,9.122904,hospital
45.4100993,9.1311864,school
45.465629,9.1344851,school
45.5627465,9.1553087,school
45.5537944,9.3059515,school
45.5032377,9.2440135,school
45.5068553,9.1900343,school
45.4808186,9.1474646,school
45.4424344,9.1867538,school
45.4024193,9.2923499,school
45.5157684,9.175149,school
45.3142401,9.2049779,supermarket
45.4539972,9.1857256,school
45.542859,9.1192076,school
45.5429039,9.1013268,school
45.5767589,9.2651277,supermarket
45.5120546,9.078607,school
45.4507722,9.1291399,school
45.4946728,9.1878564,school
45.5117314,9.0796132,school
45.5223893,9.1546838,supermarket
45.5377731,9.1372227,school
45.5361201,9.1380209,school
45.5283826,9.1426104,school
45.5318372,9.1321509,school
45.5324272,9.2821375,supermarket
45.3878543,9.309609,supermarket
45.5250152,9.0483421,supermarket
45.4960135,9.1578603,school
45.6140512,9.2122042,school
45.6230853,9.210093,school
45.6152158,9.1048935,school
45.4939638,9.2987149,school
45.5400953,9.0867183,supermarket
45.5186561,9.1738989,school
45.5197017,9.1735622,school
45.623136,9.1522462,clinic
45.5506021,9.0794571,school
45.4484349,9.1823056,school
45.4484381,9.1842521,school
45.4319766,9.1469487,school
45.4514064,9.1435522,school
45.4785512,9.1936527,school
45.4981535,9.1687969,school
45.5688622,9.0766587,school
45.5647051,9.0737981,school
45.4405735,9.2191508,marketplace
45.5218641,9.1496379,supermarket
45.3366227,9.1981788,supermarket
45.5013735,9.1402059,school
45.495812,9.1566354,school
45.4951016,9.1575646,school
45.520954,9.1249587,hospital
45.3523505,9.3286876,supermarket
45.497338,9.1517198,school
45.4967047,9.2430943,school
45.5206542,9.1629409,hospital
45.5084081,9.1804443,school
45.451645,9.0810457,school
45.4524901,9.0808683,school
45.4729884,9.1137495,school
45.4755187,9.122565,school
45.4725853,9.1257559,school
45.4566376,9.2015775,school
45.4439878,9.2461228,school
45.4727944,9.2373396,school
45.4104114,9.2771243,hospital
45.4805828,9.2326171,school
45.4309136,9.2466645,school
45.6130256,9.1224228,school
45.6532774,9.1650871,school
45.4523405,9.1194435,school
45.4528133,9.1209491,school
45.4686118,9.1536798,school
45.4424019,9.2106309,school
45.4748285,9.1855493,school
45.4792346,9.1812867,school
45.4435352,9.187241,school
45.4908483,9.270928,supermarket
45.6130424,9.1940357,school
45.4950419,9.1824523,supermarket
45.4724825,9.2220467,university
45.4923376,9.1528878,school
45.5017672,9.3247105,school
45.4847185,9.1754233,marketplace
45.5405252,9.1089678,supermarket
45.3576135,9.3289386,school
45.4248355,9.0657492,marketplace
45.4131107,9.2680882,marketplace
45.5489297,9.3883191,school
45.4724256,9.1564754,clinic
45.5061002,9.2193533,school
45.5327542,9.0539573,hospital
45.5161034,9.0309693,school
45.5519603,9.0638677,school
45.5952016,9.2304698,hospital
45.3933724,9.2482689,school
45.5035364,9.1674505,school
45.5016773,9.1749956,school
45.5831611,9.0946521,hospital
45.473879,9.2285213,university
45.5019463,9.1002824,university
45.5033287,9.1453546,university
45.4502407,9.2172273,university
45.4631928,9.203184,university
45.50156,9.1029962,school
45.5020289,9.2410492,school
45.5477602,9.1238842,supermarket
45.3779956,9.1457879,school
45.4914083,9.1451989,doctors
45.4919204,9.2878475,school
45.5511796,9.0792302,clinic
45.5408483,9.2894287,supermarket
45.5549047,9.0638643,school
45.5205498,9.0466589,school
45.5208637,9.0479412,school
45.646911,9.1382826,school
45.5031578,9.1692331,supermarket
45.5482561,9.0811549,school
45.5142001,9.1263238,school
45.5577538,9.0811107,marketplace
45.5690039,9.0850114,school
45.4883596,9.2974658,school
45.5283702,9.0324243,school
45.4594564,9.1209588,clinic
45.5819393,9.0507441,school
45.4867052,9.1537634,school
45.6426605,9.165231,school
45.639715,9.1649685,school
45.5223366,9.0963815,hospital
45.5058057,9.2329913,supermarket
45.5728198,9.2260421,supermarket
45.4563438,9.1498968,school
45.3811475,9.2206906,supermarket
45.5131501,9.0829499,supermarket
45.5807075,9.2485028,supermarket
45.5018937,9.2267691,marketplace
45.595867,9.0473791,school
45.3777549,9.1704061,supermarket
45.5638405,9.0684078,supermarket
45.5903596,9.147167,supermarket
45.4729248,9.2268595,marketplace
45.4926076,9.2206655,marketplace
45.4850053,9.2264763,marketplace
45.5225319,9.2794483,supermarket
45.5516785,9.2869649,school
45.5545412,9.2990524,school
45.5404966,8.9978344,school
45.6179519,9.238521,doctors
45.4716121,9.3048737,school
45.4693749,9.283342,school
45.5029275,9.2679955,school
45.494851,9.2671503,school
45.4231593,9.1191405,supermarket
45.3856828,9.1480715,supermarket
45.4615527,9.1937969,university
45.3503068,9.1990836,school
45.475321,9.249355,university
45.4968784,9.226943,school
45.4966569,9.2266477,school
45.4615037,9.1741516,school
45.3436326,9.3275286,supermarket
45.422482,9.1751764,supermarket
45.4611181,9.1296613,school
45.6015972,9.0725104,supermarket
45.4660323,9.1319214,school
45.4624313,9.1313358,school
45.478404,9.1505092,school
45.4509559,9.1271134,school
45.4506259,9.1275271,school
45.4497928,9.1279159,school
45.4457154,9.1930796,school
45.4603544,9.1472804,school
45.6298799,9.1396327,supermarket
45.4456382,9.1003003,supermarket
45.3790875,9.2103686,school
45.5500134,9.2347955,school
45.4670412,9.1285052,supermarket
45.4777518,9.2307003,hospital
45.4370703,9.1768654,school
45.4643697,9.2180583,school
45.449046,9.2124339,school
45.487694,9.1844929,school
45.4883555,9.1728772,school
45.4263086,9.1742272,school
45.5429604,9.16458,marketplace
45.4343037,9.1598838,hospital
45.5200994,9.2802411,supermarket
45.4989992,9.1710917,school
45.6174322,9.2338578,supermarket
45.4802339,9.1454863,supermarket
45.6107619,9.1447917,school
45.5181336,9.3222736,school
45.4366751,9.2643785,clinic
45.4438508,9.2617366,hospital
45.479942,9.2014407,school
45.4816435,9.2159126,school
45.4817011,9.2153588,school
45.4852492,9.2250623,hospital
45.4647409,9.2038411,school
45.5377369,9.1974634,school
45.5250412,9.2128881,hospital
45.4760723,9.2296843,university
45.4964845,9.2409391,school
45.4976526,9.2408843,school
45.4996433,9.2306061,hospital
45.5070864,9.4156295,school
45.490291,9.3267263,school
45.4911266,9.3232624,school
45.5038184,9.1606385,university
45.5038184,9.1586461,university
45.5055064,9.1658536,college
45.5014997,9.1559462,college
45.3739934,9.1654937,hospital
45.4788391,9.1910446,hospital
45.491922,9.2878701,school
45.5327455,9.3745526,school
45.4581817,9.1996916,hospital
45.4420897,9.1634838,university
45.5308468,9.1539099,pharmacy
45.5245126,9.3340151,school
45.5081093,9.42628,hospital
45.5029392,9.3704596,supermarket
45.6155979,9.1286497,school
45.5476301,9.3871459,school
45.4688756,9.2928106,university
45.5326396,9.3753372,school
45.437838,9.2213615,marketplace
45.4996935,9.2464186,school
45.4994779,9.2468843,school
45.4857851,9.2532317,school
45.5164948,9.3231603,school
45.3586715,9.3229751,clinic
45.5230282,9.3285896,hospital
45.5230717,9.3465063,hospital
45.5374177,9.1895517,school
45.4375732,9.263393,school
45.4323302,9.1210733,school
45.4800617,9.1887411,marketplace
45.4472363,9.1879449,university
45.5413521,9.4470409,school
45.5300702,9.3970948,school
45.5521746,9.017821,marketplace
45.4588421,9.3156546,school
45.4206648,9.1775904,supermarket
